notice_id,scenario_id,event_id,source_type,wording_variant,benchmark_split,uncertainty_case,report_timestep,text,canonical
OPS-101-warning-clean,v3_route4_detour,OPS-101,service_alert,clean,development,warning,9,Operations notice OPS-101. A conditional warning was raised for water-main detour on route block 4. unit 4 delay 20-30 min; unit 4 traction energy 1.08-1.12x normal. Confidence 0.45. Field information and initial telemetry conflict where stated. Request confirmation and do not replan yet.,"{""event_id"":""OPS-101"",""source_type"":""service_alert"",""event_type"":""service_delay"",""phase"":""warning"",""affected_buses"":[4],""affected_chargers"":[],""effective_timestep"":9,""expected_end_timestep"":null,""uncertainty"":true,""uncertainty_details"":{""confidence_level"":0.45,""provisional"":true,""conflicting_evidence"":[""field_report_vs_initial_telemetry""],""estimates"":[{""parameter"":""delay_minutes"",""asset_id"":4,""lower_bound"":20.0,""upper_bound"":30.0,""selected_value"":null,""unit"":""minutes"",""selection_policy"":""no_update_pending_confirmation""},{""parameter"":""energy_multiplier"",""asset_id"":4,""lower_bound"":1.08,""upper_bound"":1.12,""selected_value"":null,""unit"":""multiplier"",""selection_policy"":""no_update_pending_confirmation""}],""recommended_action"":""request_confirmation"",""rationale"":""Conditional warning lacks confirmation; request confirmation without changing optimizer inputs.""},""material"":true,""updates"":{""delay_minutes_by_bus"":{},""energy_multiplier_by_bus"":{},""charger_power_kw"":{},""unavailable_chargers"":[]},""evidence"":[""canonical_uncertainty_policy_v1"",""trigger_uncertainty_chat_v3""]}"
OPS-101-onset-clean,v3_route4_detour,OPS-101,service_alert,clean,development,onset,10,Operations notice OPS-101. The event is now confirmed for water-main detour on route block 4. unit 4 delay 20-30 min; unit 4 traction energy 1.08-1.12x normal. Confidence 0.72. Field information and initial telemetry conflict where stated. Confirmed material: apply the conservative bound provisionally and replan now.,"{""event_id"":""OPS-101"",""source_type"":""service_alert"",""event_type"":""service_delay"",""phase"":""onset"",""affected_buses"":[4],""affected_chargers"":[],""effective_timestep"":10,""expected_end_timestep"":null,""uncertainty"":true,""uncertainty_details"":{""confidence_level"":0.72,""provisional"":true,""conflicting_evidence"":[""field_estimate_vs_fluctuating_dashboard""],""estimates"":[{""parameter"":""delay_minutes"",""asset_id"":4,""lower_bound"":20.0,""upper_bound"":30.0,""selected_value"":30.0,""unit"":""minutes"",""selection_policy"":""conservative_upper""},{""parameter"":""energy_multiplier"",""asset_id"":4,""lower_bound"":1.08,""upper_bound"":1.12,""selected_value"":1.12,""unit"":""multiplier"",""selection_policy"":""conservative_upper""}],""recommended_action"":""optimize"",""rationale"":""Material event is confirmed; apply the frozen conservative parameter policy provisionally.""},""material"":true,""updates"":{""delay_minutes_by_bus"":{""4"":30},""energy_multiplier_by_bus"":{""4"":1.12},""charger_power_kw"":{},""unavailable_chargers"":[]},""evidence"":[""canonical_uncertainty_policy_v1"",""trigger_uncertainty_chat_v3""]}"
OPS-101-persistence-clean,v3_route4_detour,OPS-101,service_alert,clean,development,persistence,11,Operations notice OPS-101. The same event remains active. Field reports persist but delayed telemetry still disagrees. unit 4 delay 20-30 min; unit 4 traction energy 1.08-1.12x normal. Confidence 0.60. Field information and initial telemetry conflict where stated. No selected value changed; keep the current plan and wait.,"{""event_id"":""OPS-101"",""source_type"":""service_alert"",""event_type"":""service_delay"",""phase"":""persistence"",""affected_buses"":[4],""affected_chargers"":[],""effective_timestep"":11,""expected_end_timestep"":null,""uncertainty"":true,""uncertainty_details"":{""confidence_level"":0.6,""provisional"":true,""conflicting_evidence"":[""driver_or_maintenance_report_vs_delayed_telemetry""],""estimates"":[{""parameter"":""delay_minutes"",""asset_id"":4,""lower_bound"":20.0,""upper_bound"":30.0,""selected_value"":30.0,""unit"":""minutes"",""selection_policy"":""conservative_upper""},{""parameter"":""energy_multiplier"",""asset_id"":4,""lower_bound"":1.08,""upper_bound"":1.12,""selected_value"":1.12,""unit"":""multiplier"",""selection_policy"":""conservative_upper""}],""recommended_action"":""wait"",""rationale"":""No selected operational value has changed; wait and avoid duplicate optimization.""},""material"":true,""updates"":{""delay_minutes_by_bus"":{""4"":30},""energy_multiplier_by_bus"":{""4"":1.12},""charger_power_kw"":{},""unavailable_chargers"":[]},""evidence"":[""canonical_uncertainty_policy_v1"",""trigger_uncertainty_chat_v3""]}"
OPS-101-severity_change-clean,v3_route4_detour,OPS-101,service_alert,clean,development,severity_change,12,Operations notice OPS-101. A verified correction supersedes the previous estimate for water-main detour on route block 4. unit 4 delay 30-40 min; unit 4 traction energy 1.12-1.18x normal. Confidence 0.88. Field information and initial telemetry conflict where stated. Verified correction: supersede the earlier values and replan now.,"{""event_id"":""OPS-101"",""source_type"":""service_alert"",""event_type"":""service_delay"",""phase"":""severity_change"",""affected_buses"":[4],""affected_chargers"":[],""effective_timestep"":12,""expected_end_timestep"":null,""uncertainty"":false,""uncertainty_details"":{""confidence_level"":0.88,""provisional"":false,""conflicting_evidence"":[],""estimates"":[{""parameter"":""delay_minutes"",""asset_id"":4,""lower_bound"":30.0,""upper_bound"":40.0,""selected_value"":40.0,""unit"":""minutes"",""selection_policy"":""conservative_upper""},{""parameter"":""energy_multiplier"",""asset_id"":4,""lower_bound"":1.12,""upper_bound"":1.18,""selected_value"":1.18,""unit"":""multiplier"",""selection_policy"":""conservative_upper""}],""recommended_action"":""optimize"",""rationale"":""A verified correction supersedes earlier values and requires reoptimization.""},""material"":true,""updates"":{""delay_minutes_by_bus"":{""4"":40},""energy_multiplier_by_bus"":{""4"":1.18},""charger_power_kw"":{},""unavailable_chargers"":[]},""evidence"":[""canonical_uncertainty_policy_v1"",""trigger_uncertainty_chat_v3""]}"
OPS-101-recovery-clean,v3_route4_detour,OPS-101,service_alert,clean,development,recovery,14,Operations notice OPS-101. The affected buses and chargers for water-main detour on route block 4 are confirmed back to normal. Confidence 0.96. Field information and initial telemetry conflict where stated. Recovery confirmed: restore nominal assumptions and replan now.,"{""event_id"":""OPS-101"",""source_type"":""service_alert"",""event_type"":""service_delay"",""phase"":""recovery"",""affected_buses"":[4],""affected_chargers"":[],""effective_timestep"":14,""expected_end_timestep"":null,""uncertainty"":false,""uncertainty_details"":{""confidence_level"":0.96,""provisional"":false,""conflicting_evidence"":[],""estimates"":[{""parameter"":""delay_minutes"",""asset_id"":4,""lower_bound"":0.0,""upper_bound"":0.0,""selected_value"":0.0,""unit"":""minutes"",""selection_policy"":""restored_nominal""},{""parameter"":""energy_multiplier"",""asset_id"":4,""lower_bound"":1.0,""upper_bound"":1.0,""selected_value"":1.0,""unit"":""multiplier"",""selection_policy"":""restored_nominal""}],""recommended_action"":""optimize"",""rationale"":""Confirmed recovery restores nominal optimizer assumptions.""},""material"":true,""updates"":{""delay_minutes_by_bus"":{""4"":0},""energy_multiplier_by_bus"":{""4"":1.0},""charger_power_kw"":{},""unavailable_chargers"":[]},""evidence"":[""canonical_uncertainty_policy_v1"",""trigger_uncertainty_chat_v3""]}"
OPS-101-stable-clean,v3_route4_detour,OPS-101,service_alert,clean,development,stable,15,Operations notice OPS-101. Post-recovery monitoring is normal; a message about a break-room charger is unrelated to fleet operations. Confidence 1.00. Field information and initial telemetry conflict where stated. No new operational restriction; no replan is needed.,"{""event_id"":""OPS-101"",""source_type"":""service_alert"",""event_type"":""informational"",""phase"":""stable"",""affected_buses"":[],""affected_chargers"":[],""effective_timestep"":15,""expected_end_timestep"":null,""uncertainty"":false,""uncertainty_details"":{""confidence_level"":1.0,""provisional"":false,""conflicting_evidence"":[],""estimates"":[],""recommended_action"":""wait"",""rationale"":""Post-recovery chatter contains no new operational restriction.""},""material"":false,""updates"":{""delay_minutes_by_bus"":{},""energy_multiplier_by_bus"":{},""charger_power_kw"":{},""unavailable_chargers"":[]},""evidence"":[""canonical_uncertainty_policy_v1"",""trigger_uncertainty_chat_v3""]}"
OPS-101-warning-single_message,v3_route4_detour,OPS-101,driver_chat,single_message,development,warning,9,Driver 4 re OPS-101: A conditional warning was raised for water-main detour on route block 4. unit 4 delay 20-30 min; unit 4 traction energy 1.08-1.12x normal. dashboard is a bit flaky; conf 0.45. Request confirmation and do not replan yet.,"{""event_id"":""OPS-101"",""source_type"":""driver_chat"",""event_type"":""service_delay"",""phase"":""warning"",""affected_buses"":[4],""affected_chargers"":[],""effective_timestep"":9,""expected_end_timestep"":null,""uncertainty"":true,""uncertainty_details"":{""confidence_level"":0.45,""provisional"":true,""conflicting_evidence"":[""field_report_vs_initial_telemetry""],""estimates"":[{""parameter"":""delay_minutes"",""asset_id"":4,""lower_bound"":20.0,""upper_bound"":30.0,""selected_value"":null,""unit"":""minutes"",""selection_policy"":""no_update_pending_confirmation""},{""parameter"":""energy_multiplier"",""asset_id"":4,""lower_bound"":1.08,""upper_bound"":1.12,""selected_value"":null,""unit"":""multiplier"",""selection_policy"":""no_update_pending_confirmation""}],""recommended_action"":""request_confirmation"",""rationale"":""Conditional warning lacks confirmation; request confirmation without changing optimizer inputs.""},""material"":true,""updates"":{""delay_minutes_by_bus"":{},""energy_multiplier_by_bus"":{},""charger_power_kw"":{},""unavailable_chargers"":[]},""evidence"":[""canonical_uncertainty_policy_v1"",""trigger_uncertainty_chat_v3""]}"
OPS-101-onset-single_message,v3_route4_detour,OPS-101,driver_chat,single_message,development,onset,10,Driver 4 re OPS-101: The event is now confirmed for water-main detour on route block 4. unit 4 delay 20-30 min; unit 4 traction energy 1.08-1.12x normal. dashboard is a bit flaky; conf 0.72. Confirmed material: apply the conservative bound provisionally and replan now.,"{""event_id"":""OPS-101"",""source_type"":""driver_chat"",""event_type"":""service_delay"",""phase"":""onset"",""affected_buses"":[4],""affected_chargers"":[],""effective_timestep"":10,""expected_end_timestep"":null,""uncertainty"":true,""uncertainty_details"":{""confidence_level"":0.72,""provisional"":true,""conflicting_evidence"":[""field_estimate_vs_fluctuating_dashboard""],""estimates"":[{""parameter"":""delay_minutes"",""asset_id"":4,""lower_bound"":20.0,""upper_bound"":30.0,""selected_value"":30.0,""unit"":""minutes"",""selection_policy"":""conservative_upper""},{""parameter"":""energy_multiplier"",""asset_id"":4,""lower_bound"":1.08,""upper_bound"":1.12,""selected_value"":1.12,""unit"":""multiplier"",""selection_policy"":""conservative_upper""}],""recommended_action"":""optimize"",""rationale"":""Material event is confirmed; apply the frozen conservative parameter policy provisionally.""},""material"":true,""updates"":{""delay_minutes_by_bus"":{""4"":30},""energy_multiplier_by_bus"":{""4"":1.12},""charger_power_kw"":{},""unavailable_chargers"":[]},""evidence"":[""canonical_uncertainty_policy_v1"",""trigger_uncertainty_chat_v3""]}"
OPS-101-persistence-single_message,v3_route4_detour,OPS-101,driver_chat,single_message,development,persistence,11,Driver 4 re OPS-101: The same event remains active. Field reports persist but delayed telemetry still disagrees. unit 4 delay 20-30 min; unit 4 traction energy 1.08-1.12x normal. dashboard is a bit flaky; conf 0.60. No selected value changed; keep the current plan and wait.,"{""event_id"":""OPS-101"",""source_type"":""driver_chat"",""event_type"":""service_delay"",""phase"":""persistence"",""affected_buses"":[4],""affected_chargers"":[],""effective_timestep"":11,""expected_end_timestep"":null,""uncertainty"":true,""uncertainty_details"":{""confidence_level"":0.6,""provisional"":true,""conflicting_evidence"":[""driver_or_maintenance_report_vs_delayed_telemetry""],""estimates"":[{""parameter"":""delay_minutes"",""asset_id"":4,""lower_bound"":20.0,""upper_bound"":30.0,""selected_value"":30.0,""unit"":""minutes"",""selection_policy"":""conservative_upper""},{""parameter"":""energy_multiplier"",""asset_id"":4,""lower_bound"":1.08,""upper_bound"":1.12,""selected_value"":1.12,""unit"":""multiplier"",""selection_policy"":""conservative_upper""}],""recommended_action"":""wait"",""rationale"":""No selected operational value has changed; wait and avoid duplicate optimization.""},""material"":true,""updates"":{""delay_minutes_by_bus"":{""4"":30},""energy_multiplier_by_bus"":{""4"":1.12},""charger_power_kw"":{},""unavailable_chargers"":[]},""evidence"":[""canonical_uncertainty_policy_v1"",""trigger_uncertainty_chat_v3""]}"
OPS-101-severity_change-single_message,v3_route4_detour,OPS-101,driver_chat,single_message,development,severity_change,12,Driver 4 re OPS-101: A verified correction supersedes the previous estimate for water-main detour on route block 4. unit 4 delay 30-40 min; unit 4 traction energy 1.12-1.18x normal. dashboard is a bit flaky; conf 0.88. Verified correction: supersede the earlier values and replan now.,"{""event_id"":""OPS-101"",""source_type"":""driver_chat"",""event_type"":""service_delay"",""phase"":""severity_change"",""affected_buses"":[4],""affected_chargers"":[],""effective_timestep"":12,""expected_end_timestep"":null,""uncertainty"":false,""uncertainty_details"":{""confidence_level"":0.88,""provisional"":false,""conflicting_evidence"":[],""estimates"":[{""parameter"":""delay_minutes"",""asset_id"":4,""lower_bound"":30.0,""upper_bound"":40.0,""selected_value"":40.0,""unit"":""minutes"",""selection_policy"":""conservative_upper""},{""parameter"":""energy_multiplier"",""asset_id"":4,""lower_bound"":1.12,""upper_bound"":1.18,""selected_value"":1.18,""unit"":""multiplier"",""selection_policy"":""conservative_upper""}],""recommended_action"":""optimize"",""rationale"":""A verified correction supersedes earlier values and requires reoptimization.""},""material"":true,""updates"":{""delay_minutes_by_bus"":{""4"":40},""energy_multiplier_by_bus"":{""4"":1.18},""charger_power_kw"":{},""unavailable_chargers"":[]},""evidence"":[""canonical_uncertainty_policy_v1"",""trigger_uncertainty_chat_v3""]}"
OPS-101-recovery-single_message,v3_route4_detour,OPS-101,driver_chat,single_message,development,recovery,14,Driver 4 re OPS-101: The affected buses and chargers for water-main detour on route block 4 are confirmed back to normal. dashboard is a bit flaky; conf 0.96. Recovery confirmed: restore nominal assumptions and replan now.,"{""event_id"":""OPS-101"",""source_type"":""driver_chat"",""event_type"":""service_delay"",""phase"":""recovery"",""affected_buses"":[4],""affected_chargers"":[],""effective_timestep"":14,""expected_end_timestep"":null,""uncertainty"":false,""uncertainty_details"":{""confidence_level"":0.96,""provisional"":false,""conflicting_evidence"":[],""estimates"":[{""parameter"":""delay_minutes"",""asset_id"":4,""lower_bound"":0.0,""upper_bound"":0.0,""selected_value"":0.0,""unit"":""minutes"",""selection_policy"":""restored_nominal""},{""parameter"":""energy_multiplier"",""asset_id"":4,""lower_bound"":1.0,""upper_bound"":1.0,""selected_value"":1.0,""unit"":""multiplier"",""selection_policy"":""restored_nominal""}],""recommended_action"":""optimize"",""rationale"":""Confirmed recovery restores nominal optimizer assumptions.""},""material"":true,""updates"":{""delay_minutes_by_bus"":{""4"":0},""energy_multiplier_by_bus"":{""4"":1.0},""charger_power_kw"":{},""unavailable_chargers"":[]},""evidence"":[""canonical_uncertainty_policy_v1"",""trigger_uncertainty_chat_v3""]}"
OPS-101-stable-single_message,v3_route4_detour,OPS-101,driver_chat,single_message,development,stable,15,Driver 4 re OPS-101: Post-recovery monitoring is normal; a message about a break-room charger is unrelated to fleet operations. dashboard is a bit flaky; conf 1.00. No new operational restriction; no replan is needed.,"{""event_id"":""OPS-101"",""source_type"":""driver_chat"",""event_type"":""informational"",""phase"":""stable"",""affected_buses"":[],""affected_chargers"":[],""effective_timestep"":15,""expected_end_timestep"":null,""uncertainty"":false,""uncertainty_details"":{""confidence_level"":1.0,""provisional"":false,""conflicting_evidence"":[],""estimates"":[],""recommended_action"":""wait"",""rationale"":""Post-recovery chatter contains no new operational restriction.""},""material"":false,""updates"":{""delay_minutes_by_bus"":{},""energy_multiplier_by_bus"":{},""charger_power_kw"":{},""unavailable_chargers"":[]},""evidence"":[""canonical_uncertainty_policy_v1"",""trigger_uncertainty_chat_v3""]}"
OPS-101-warning-driver_chat,v3_route4_detour,OPS-101,driver_chat,driver_chat,development,warning,9,"[OPS-101] Driver 4: A conditional warning was raised for water-main detour on route block 4. unit 4 delay 20-30 min; unit 4 traction energy 1.08-1.12x normal.
Telemetry desk: The dashboard is delayed and does not fully match the field estimate. Confidence 0.45.
Dispatcher: Request confirmation and do not replan yet.","{""event_id"":""OPS-101"",""source_type"":""driver_chat"",""event_type"":""service_delay"",""phase"":""warning"",""affected_buses"":[4],""affected_chargers"":[],""effective_timestep"":9,""expected_end_timestep"":null,""uncertainty"":true,""uncertainty_details"":{""confidence_level"":0.45,""provisional"":true,""conflicting_evidence"":[""field_report_vs_initial_telemetry""],""estimates"":[{""parameter"":""delay_minutes"",""asset_id"":4,""lower_bound"":20.0,""upper_bound"":30.0,""selected_value"":null,""unit"":""minutes"",""selection_policy"":""no_update_pending_confirmation""},{""parameter"":""energy_multiplier"",""asset_id"":4,""lower_bound"":1.08,""upper_bound"":1.12,""selected_value"":null,""unit"":""multiplier"",""selection_policy"":""no_update_pending_confirmation""}],""recommended_action"":""request_confirmation"",""rationale"":""Conditional warning lacks confirmation; request confirmation without changing optimizer inputs.""},""material"":true,""updates"":{""delay_minutes_by_bus"":{},""energy_multiplier_by_bus"":{},""charger_power_kw"":{},""unavailable_chargers"":[]},""evidence"":[""canonical_uncertainty_policy_v1"",""trigger_uncertainty_chat_v3""]}"
OPS-101-onset-driver_chat,v3_route4_detour,OPS-101,driver_chat,driver_chat,development,onset,10,"[OPS-101] Driver 4: The event is now confirmed for water-main detour on route block 4. unit 4 delay 20-30 min; unit 4 traction energy 1.08-1.12x normal.
Telemetry desk: The dashboard is delayed and does not fully match the field estimate. Confidence 0.72.
Dispatcher: Confirmed material: apply the conservative bound provisionally and replan now.","{""event_id"":""OPS-101"",""source_type"":""driver_chat"",""event_type"":""service_delay"",""phase"":""onset"",""affected_buses"":[4],""affected_chargers"":[],""effective_timestep"":10,""expected_end_timestep"":null,""uncertainty"":true,""uncertainty_details"":{""confidence_level"":0.72,""provisional"":true,""conflicting_evidence"":[""field_estimate_vs_fluctuating_dashboard""],""estimates"":[{""parameter"":""delay_minutes"",""asset_id"":4,""lower_bound"":20.0,""upper_bound"":30.0,""selected_value"":30.0,""unit"":""minutes"",""selection_policy"":""conservative_upper""},{""parameter"":""energy_multiplier"",""asset_id"":4,""lower_bound"":1.08,""upper_bound"":1.12,""selected_value"":1.12,""unit"":""multiplier"",""selection_policy"":""conservative_upper""}],""recommended_action"":""optimize"",""rationale"":""Material event is confirmed; apply the frozen conservative parameter policy provisionally.""},""material"":true,""updates"":{""delay_minutes_by_bus"":{""4"":30},""energy_multiplier_by_bus"":{""4"":1.12},""charger_power_kw"":{},""unavailable_chargers"":[]},""evidence"":[""canonical_uncertainty_policy_v1"",""trigger_uncertainty_chat_v3""]}"
OPS-101-persistence-driver_chat,v3_route4_detour,OPS-101,driver_chat,driver_chat,development,persistence,11,"[OPS-101] Driver 4: The same event remains active. Field reports persist but delayed telemetry still disagrees. unit 4 delay 20-30 min; unit 4 traction energy 1.08-1.12x normal.
Telemetry desk: The dashboard is delayed and does not fully match the field estimate. Confidence 0.60.
Dispatcher: No selected value changed; keep the current plan and wait.","{""event_id"":""OPS-101"",""source_type"":""driver_chat"",""event_type"":""service_delay"",""phase"":""persistence"",""affected_buses"":[4],""affected_chargers"":[],""effective_timestep"":11,""expected_end_timestep"":null,""uncertainty"":true,""uncertainty_details"":{""confidence_level"":0.6,""provisional"":true,""conflicting_evidence"":[""driver_or_maintenance_report_vs_delayed_telemetry""],""estimates"":[{""parameter"":""delay_minutes"",""asset_id"":4,""lower_bound"":20.0,""upper_bound"":30.0,""selected_value"":30.0,""unit"":""minutes"",""selection_policy"":""conservative_upper""},{""parameter"":""energy_multiplier"",""asset_id"":4,""lower_bound"":1.08,""upper_bound"":1.12,""selected_value"":1.12,""unit"":""multiplier"",""selection_policy"":""conservative_upper""}],""recommended_action"":""wait"",""rationale"":""No selected operational value has changed; wait and avoid duplicate optimization.""},""material"":true,""updates"":{""delay_minutes_by_bus"":{""4"":30},""energy_multiplier_by_bus"":{""4"":1.12},""charger_power_kw"":{},""unavailable_chargers"":[]},""evidence"":[""canonical_uncertainty_policy_v1"",""trigger_uncertainty_chat_v3""]}"
OPS-101-severity_change-driver_chat,v3_route4_detour,OPS-101,driver_chat,driver_chat,development,severity_change,12,"[OPS-101] Driver 4: A verified correction supersedes the previous estimate for water-main detour on route block 4. unit 4 delay 30-40 min; unit 4 traction energy 1.12-1.18x normal.
Telemetry desk: The dashboard is delayed and does not fully match the field estimate. Confidence 0.88.
Dispatcher: Verified correction: supersede the earlier values and replan now.","{""event_id"":""OPS-101"",""source_type"":""driver_chat"",""event_type"":""service_delay"",""phase"":""severity_change"",""affected_buses"":[4],""affected_chargers"":[],""effective_timestep"":12,""expected_end_timestep"":null,""uncertainty"":false,""uncertainty_details"":{""confidence_level"":0.88,""provisional"":false,""conflicting_evidence"":[],""estimates"":[{""parameter"":""delay_minutes"",""asset_id"":4,""lower_bound"":30.0,""upper_bound"":40.0,""selected_value"":40.0,""unit"":""minutes"",""selection_policy"":""conservative_upper""},{""parameter"":""energy_multiplier"",""asset_id"":4,""lower_bound"":1.12,""upper_bound"":1.18,""selected_value"":1.18,""unit"":""multiplier"",""selection_policy"":""conservative_upper""}],""recommended_action"":""optimize"",""rationale"":""A verified correction supersedes earlier values and requires reoptimization.""},""material"":true,""updates"":{""delay_minutes_by_bus"":{""4"":40},""energy_multiplier_by_bus"":{""4"":1.18},""charger_power_kw"":{},""unavailable_chargers"":[]},""evidence"":[""canonical_uncertainty_policy_v1"",""trigger_uncertainty_chat_v3""]}"
OPS-101-recovery-driver_chat,v3_route4_detour,OPS-101,driver_chat,driver_chat,development,recovery,14,"[OPS-101] Driver 4: The affected buses and chargers for water-main detour on route block 4 are confirmed back to normal.
Telemetry desk: The dashboard is delayed and does not fully match the field estimate. Confidence 0.96.
Dispatcher: Recovery confirmed: restore nominal assumptions and replan now.","{""event_id"":""OPS-101"",""source_type"":""driver_chat"",""event_type"":""service_delay"",""phase"":""recovery"",""affected_buses"":[4],""affected_chargers"":[],""effective_timestep"":14,""expected_end_timestep"":null,""uncertainty"":false,""uncertainty_details"":{""confidence_level"":0.96,""provisional"":false,""conflicting_evidence"":[],""estimates"":[{""parameter"":""delay_minutes"",""asset_id"":4,""lower_bound"":0.0,""upper_bound"":0.0,""selected_value"":0.0,""unit"":""minutes"",""selection_policy"":""restored_nominal""},{""parameter"":""energy_multiplier"",""asset_id"":4,""lower_bound"":1.0,""upper_bound"":1.0,""selected_value"":1.0,""unit"":""multiplier"",""selection_policy"":""restored_nominal""}],""recommended_action"":""optimize"",""rationale"":""Confirmed recovery restores nominal optimizer assumptions.""},""material"":true,""updates"":{""delay_minutes_by_bus"":{""4"":0},""energy_multiplier_by_bus"":{""4"":1.0},""charger_power_kw"":{},""unavailable_chargers"":[]},""evidence"":[""canonical_uncertainty_policy_v1"",""trigger_uncertainty_chat_v3""]}"
OPS-101-stable-driver_chat,v3_route4_detour,OPS-101,driver_chat,driver_chat,development,stable,15,"[OPS-101] Driver 4: Post-recovery monitoring is normal; a message about a break-room charger is unrelated to fleet operations.
Telemetry desk: The dashboard is delayed and does not fully match the field estimate. Confidence 1.00.
Dispatcher: No new operational restriction; no replan is needed.","{""event_id"":""OPS-101"",""source_type"":""driver_chat"",""event_type"":""informational"",""phase"":""stable"",""affected_buses"":[],""affected_chargers"":[],""effective_timestep"":15,""expected_end_timestep"":null,""uncertainty"":false,""uncertainty_details"":{""confidence_level"":1.0,""provisional"":false,""conflicting_evidence"":[],""estimates"":[],""recommended_action"":""wait"",""rationale"":""Post-recovery chatter contains no new operational restriction.""},""material"":false,""updates"":{""delay_minutes_by_bus"":{},""energy_multiplier_by_bus"":{},""charger_power_kw"":{},""unavailable_chargers"":[]},""evidence"":[""canonical_uncertainty_policy_v1"",""trigger_uncertainty_chat_v3""]}"
OPS-101-warning-uncertain_chat,v3_route4_detour,OPS-101,driver_chat,uncertain_chat,development,warning,9,"[OPS-101] Driver 4: A conditional warning was raised for water-main detour on route block 4. unit 4 delay 20-30 min; unit 4 traction energy 1.08-1.12x normal.
Depot chat: coffee machine charger is acting up again (not a fleet asset).
Telemetry desk: My first screen disagrees with the field report; the feed may be stale.
Maintenance: Treat the operational confidence as 0.45; earlier estimates may be superseded.
Dispatcher: Request confirmation and do not replan yet.","{""event_id"":""OPS-101"",""source_type"":""driver_chat"",""event_type"":""service_delay"",""phase"":""warning"",""affected_buses"":[4],""affected_chargers"":[],""effective_timestep"":9,""expected_end_timestep"":null,""uncertainty"":true,""uncertainty_details"":{""confidence_level"":0.45,""provisional"":true,""conflicting_evidence"":[""field_report_vs_initial_telemetry""],""estimates"":[{""parameter"":""delay_minutes"",""asset_id"":4,""lower_bound"":20.0,""upper_bound"":30.0,""selected_value"":null,""unit"":""minutes"",""selection_policy"":""no_update_pending_confirmation""},{""parameter"":""energy_multiplier"",""asset_id"":4,""lower_bound"":1.08,""upper_bound"":1.12,""selected_value"":null,""unit"":""multiplier"",""selection_policy"":""no_update_pending_confirmation""}],""recommended_action"":""request_confirmation"",""rationale"":""Conditional warning lacks confirmation; request confirmation without changing optimizer inputs.""},""material"":true,""updates"":{""delay_minutes_by_bus"":{},""energy_multiplier_by_bus"":{},""charger_power_kw"":{},""unavailable_chargers"":[]},""evidence"":[""canonical_uncertainty_policy_v1"",""trigger_uncertainty_chat_v3""]}"
OPS-101-onset-uncertain_chat,v3_route4_detour,OPS-101,driver_chat,uncertain_chat,development,onset,10,"[OPS-101] Driver 4: The event is now confirmed for water-main detour on route block 4. unit 4 delay 20-30 min; unit 4 traction energy 1.08-1.12x normal.
Depot chat: coffee machine charger is acting up again (not a fleet asset).
Telemetry desk: My first screen disagrees with the field report; the feed may be stale.
Maintenance: Treat the operational confidence as 0.72; earlier estimates may be superseded.
Dispatcher: Confirmed material: apply the conservative bound provisionally and replan now.","{""event_id"":""OPS-101"",""source_type"":""driver_chat"",""event_type"":""service_delay"",""phase"":""onset"",""affected_buses"":[4],""affected_chargers"":[],""effective_timestep"":10,""expected_end_timestep"":null,""uncertainty"":true,""uncertainty_details"":{""confidence_level"":0.72,""provisional"":true,""conflicting_evidence"":[""field_estimate_vs_fluctuating_dashboard""],""estimates"":[{""parameter"":""delay_minutes"",""asset_id"":4,""lower_bound"":20.0,""upper_bound"":30.0,""selected_value"":30.0,""unit"":""minutes"",""selection_policy"":""conservative_upper""},{""parameter"":""energy_multiplier"",""asset_id"":4,""lower_bound"":1.08,""upper_bound"":1.12,""selected_value"":1.12,""unit"":""multiplier"",""selection_policy"":""conservative_upper""}],""recommended_action"":""optimize"",""rationale"":""Material event is confirmed; apply the frozen conservative parameter policy provisionally.""},""material"":true,""updates"":{""delay_minutes_by_bus"":{""4"":30},""energy_multiplier_by_bus"":{""4"":1.12},""charger_power_kw"":{},""unavailable_chargers"":[]},""evidence"":[""canonical_uncertainty_policy_v1"",""trigger_uncertainty_chat_v3""]}"
OPS-101-persistence-uncertain_chat,v3_route4_detour,OPS-101,driver_chat,uncertain_chat,development,persistence,11,"[OPS-101] Driver 4: The same event remains active. Field reports persist but delayed telemetry still disagrees. unit 4 delay 20-30 min; unit 4 traction energy 1.08-1.12x normal.
Depot chat: coffee machine charger is acting up again (not a fleet asset).
Telemetry desk: My first screen disagrees with the field report; the feed may be stale.
Maintenance: Treat the operational confidence as 0.60; earlier estimates may be superseded.
Dispatcher: No selected value changed; keep the current plan and wait.","{""event_id"":""OPS-101"",""source_type"":""driver_chat"",""event_type"":""service_delay"",""phase"":""persistence"",""affected_buses"":[4],""affected_chargers"":[],""effective_timestep"":11,""expected_end_timestep"":null,""uncertainty"":true,""uncertainty_details"":{""confidence_level"":0.6,""provisional"":true,""conflicting_evidence"":[""driver_or_maintenance_report_vs_delayed_telemetry""],""estimates"":[{""parameter"":""delay_minutes"",""asset_id"":4,""lower_bound"":20.0,""upper_bound"":30.0,""selected_value"":30.0,""unit"":""minutes"",""selection_policy"":""conservative_upper""},{""parameter"":""energy_multiplier"",""asset_id"":4,""lower_bound"":1.08,""upper_bound"":1.12,""selected_value"":1.12,""unit"":""multiplier"",""selection_policy"":""conservative_upper""}],""recommended_action"":""wait"",""rationale"":""No selected operational value has changed; wait and avoid duplicate optimization.""},""material"":true,""updates"":{""delay_minutes_by_bus"":{""4"":30},""energy_multiplier_by_bus"":{""4"":1.12},""charger_power_kw"":{},""unavailable_chargers"":[]},""evidence"":[""canonical_uncertainty_policy_v1"",""trigger_uncertainty_chat_v3""]}"
OPS-101-severity_change-uncertain_chat,v3_route4_detour,OPS-101,driver_chat,uncertain_chat,development,severity_change,12,"[OPS-101] Driver 4: A verified correction supersedes the previous estimate for water-main detour on route block 4. unit 4 delay 30-40 min; unit 4 traction energy 1.12-1.18x normal.
Depot chat: coffee machine charger is acting up again (not a fleet asset).
Telemetry desk: My first screen disagrees with the field report; the feed may be stale.
Maintenance: Treat the operational confidence as 0.88; earlier estimates may be superseded.
Dispatcher: Verified correction: supersede the earlier values and replan now.","{""event_id"":""OPS-101"",""source_type"":""driver_chat"",""event_type"":""service_delay"",""phase"":""severity_change"",""affected_buses"":[4],""affected_chargers"":[],""effective_timestep"":12,""expected_end_timestep"":null,""uncertainty"":false,""uncertainty_details"":{""confidence_level"":0.88,""provisional"":false,""conflicting_evidence"":[],""estimates"":[{""parameter"":""delay_minutes"",""asset_id"":4,""lower_bound"":30.0,""upper_bound"":40.0,""selected_value"":40.0,""unit"":""minutes"",""selection_policy"":""conservative_upper""},{""parameter"":""energy_multiplier"",""asset_id"":4,""lower_bound"":1.12,""upper_bound"":1.18,""selected_value"":1.18,""unit"":""multiplier"",""selection_policy"":""conservative_upper""}],""recommended_action"":""optimize"",""rationale"":""A verified correction supersedes earlier values and requires reoptimization.""},""material"":true,""updates"":{""delay_minutes_by_bus"":{""4"":40},""energy_multiplier_by_bus"":{""4"":1.18},""charger_power_kw"":{},""unavailable_chargers"":[]},""evidence"":[""canonical_uncertainty_policy_v1"",""trigger_uncertainty_chat_v3""]}"
OPS-101-recovery-uncertain_chat,v3_route4_detour,OPS-101,driver_chat,uncertain_chat,development,recovery,14,"[OPS-101] Driver 4: The affected buses and chargers for water-main detour on route block 4 are confirmed back to normal.
Depot chat: coffee machine charger is acting up again (not a fleet asset).
Telemetry desk: My first screen disagrees with the field report; the feed may be stale.
Maintenance: Treat the operational confidence as 0.96; earlier estimates may be superseded.
Dispatcher: Recovery confirmed: restore nominal assumptions and replan now.","{""event_id"":""OPS-101"",""source_type"":""driver_chat"",""event_type"":""service_delay"",""phase"":""recovery"",""affected_buses"":[4],""affected_chargers"":[],""effective_timestep"":14,""expected_end_timestep"":null,""uncertainty"":false,""uncertainty_details"":{""confidence_level"":0.96,""provisional"":false,""conflicting_evidence"":[],""estimates"":[{""parameter"":""delay_minutes"",""asset_id"":4,""lower_bound"":0.0,""upper_bound"":0.0,""selected_value"":0.0,""unit"":""minutes"",""selection_policy"":""restored_nominal""},{""parameter"":""energy_multiplier"",""asset_id"":4,""lower_bound"":1.0,""upper_bound"":1.0,""selected_value"":1.0,""unit"":""multiplier"",""selection_policy"":""restored_nominal""}],""recommended_action"":""optimize"",""rationale"":""Confirmed recovery restores nominal optimizer assumptions.""},""material"":true,""updates"":{""delay_minutes_by_bus"":{""4"":0},""energy_multiplier_by_bus"":{""4"":1.0},""charger_power_kw"":{},""unavailable_chargers"":[]},""evidence"":[""canonical_uncertainty_policy_v1"",""trigger_uncertainty_chat_v3""]}"
OPS-101-stable-uncertain_chat,v3_route4_detour,OPS-101,driver_chat,uncertain_chat,development,stable,15,"[OPS-101] Driver 4: Post-recovery monitoring is normal; a message about a break-room charger is unrelated to fleet operations.
Depot chat: coffee machine charger is acting up again (not a fleet asset).
Telemetry desk: My first screen disagrees with the field report; the feed may be stale.
Maintenance: Treat the operational confidence as 1.00; earlier estimates may be superseded.
Dispatcher: No new operational restriction; no replan is needed.","{""event_id"":""OPS-101"",""source_type"":""driver_chat"",""event_type"":""informational"",""phase"":""stable"",""affected_buses"":[],""affected_chargers"":[],""effective_timestep"":15,""expected_end_timestep"":null,""uncertainty"":false,""uncertainty_details"":{""confidence_level"":1.0,""provisional"":false,""conflicting_evidence"":[],""estimates"":[],""recommended_action"":""wait"",""rationale"":""Post-recovery chatter contains no new operational restriction.""},""material"":false,""updates"":{""delay_minutes_by_bus"":{},""energy_multiplier_by_bus"":{},""charger_power_kw"":{},""unavailable_chargers"":[]},""evidence"":[""canonical_uncertainty_policy_v1"",""trigger_uncertainty_chat_v3""]}"
OPS-102-warning-clean,v3_route6_closure,OPS-102,service_alert,clean,test,warning,9,Operations notice OPS-102. A conditional warning was raised for lane closure on route block 6. unit 6 delay 15-25 min; unit 6 traction energy 1.05-1.10x normal. Confidence 0.45. Field information and initial telemetry conflict where stated. Request confirmation and do not replan yet.,"{""event_id"":""OPS-102"",""source_type"":""service_alert"",""event_type"":""service_delay"",""phase"":""warning"",""affected_buses"":[6],""affected_chargers"":[],""effective_timestep"":9,""expected_end_timestep"":null,""uncertainty"":true,""uncertainty_details"":{""confidence_level"":0.45,""provisional"":true,""conflicting_evidence"":[""field_report_vs_initial_telemetry""],""estimates"":[{""parameter"":""delay_minutes"",""asset_id"":6,""lower_bound"":15.0,""upper_bound"":25.0,""selected_value"":null,""unit"":""minutes"",""selection_policy"":""no_update_pending_confirmation""},{""parameter"":""energy_multiplier"",""asset_id"":6,""lower_bound"":1.05,""upper_bound"":1.1,""selected_value"":null,""unit"":""multiplier"",""selection_policy"":""no_update_pending_confirmation""}],""recommended_action"":""request_confirmation"",""rationale"":""Conditional warning lacks confirmation; request confirmation without changing optimizer inputs.""},""material"":true,""updates"":{""delay_minutes_by_bus"":{},""energy_multiplier_by_bus"":{},""charger_power_kw"":{},""unavailable_chargers"":[]},""evidence"":[""canonical_uncertainty_policy_v1"",""trigger_uncertainty_chat_v3""]}"
OPS-102-onset-clean,v3_route6_closure,OPS-102,service_alert,clean,test,onset,10,Operations notice OPS-102. The event is now confirmed for lane closure on route block 6. unit 6 delay 15-25 min; unit 6 traction energy 1.05-1.10x normal. Confidence 0.72. Field information and initial telemetry conflict where stated. Confirmed material: apply the conservative bound provisionally and replan now.,"{""event_id"":""OPS-102"",""source_type"":""service_alert"",""event_type"":""service_delay"",""phase"":""onset"",""affected_buses"":[6],""affected_chargers"":[],""effective_timestep"":10,""expected_end_timestep"":null,""uncertainty"":true,""uncertainty_details"":{""confidence_level"":0.72,""provisional"":true,""conflicting_evidence"":[""field_estimate_vs_fluctuating_dashboard""],""estimates"":[{""parameter"":""delay_minutes"",""asset_id"":6,""lower_bound"":15.0,""upper_bound"":25.0,""selected_value"":25.0,""unit"":""minutes"",""selection_policy"":""conservative_upper""},{""parameter"":""energy_multiplier"",""asset_id"":6,""lower_bound"":1.05,""upper_bound"":1.1,""selected_value"":1.1,""unit"":""multiplier"",""selection_policy"":""conservative_upper""}],""recommended_action"":""optimize"",""rationale"":""Material event is confirmed; apply the frozen conservative parameter policy provisionally.""},""material"":true,""updates"":{""delay_minutes_by_bus"":{""6"":25},""energy_multiplier_by_bus"":{""6"":1.1},""charger_power_kw"":{},""unavailable_chargers"":[]},""evidence"":[""canonical_uncertainty_policy_v1"",""trigger_uncertainty_chat_v3""]}"
OPS-102-persistence-clean,v3_route6_closure,OPS-102,service_alert,clean,test,persistence,11,Operations notice OPS-102. The same event remains active. Field reports persist but delayed telemetry still disagrees. unit 6 delay 15-25 min; unit 6 traction energy 1.05-1.10x normal. Confidence 0.60. Field information and initial telemetry conflict where stated. No selected value changed; keep the current plan and wait.,"{""event_id"":""OPS-102"",""source_type"":""service_alert"",""event_type"":""service_delay"",""phase"":""persistence"",""affected_buses"":[6],""affected_chargers"":[],""effective_timestep"":11,""expected_end_timestep"":null,""uncertainty"":true,""uncertainty_details"":{""confidence_level"":0.6,""provisional"":true,""conflicting_evidence"":[""driver_or_maintenance_report_vs_delayed_telemetry""],""estimates"":[{""parameter"":""delay_minutes"",""asset_id"":6,""lower_bound"":15.0,""upper_bound"":25.0,""selected_value"":25.0,""unit"":""minutes"",""selection_policy"":""conservative_upper""},{""parameter"":""energy_multiplier"",""asset_id"":6,""lower_bound"":1.05,""upper_bound"":1.1,""selected_value"":1.1,""unit"":""multiplier"",""selection_policy"":""conservative_upper""}],""recommended_action"":""wait"",""rationale"":""No selected operational value has changed; wait and avoid duplicate optimization.""},""material"":true,""updates"":{""delay_minutes_by_bus"":{""6"":25},""energy_multiplier_by_bus"":{""6"":1.1},""charger_power_kw"":{},""unavailable_chargers"":[]},""evidence"":[""canonical_uncertainty_policy_v1"",""trigger_uncertainty_chat_v3""]}"
OPS-102-severity_change-clean,v3_route6_closure,OPS-102,service_alert,clean,test,severity_change,12,Operations notice OPS-102. A verified correction supersedes the previous estimate for lane closure on route block 6. unit 6 delay 25-35 min; unit 6 traction energy 1.10-1.16x normal. Confidence 0.88. Field information and initial telemetry conflict where stated. Verified correction: supersede the earlier values and replan now.,"{""event_id"":""OPS-102"",""source_type"":""service_alert"",""event_type"":""service_delay"",""phase"":""severity_change"",""affected_buses"":[6],""affected_chargers"":[],""effective_timestep"":12,""expected_end_timestep"":null,""uncertainty"":false,""uncertainty_details"":{""confidence_level"":0.88,""provisional"":false,""conflicting_evidence"":[],""estimates"":[{""parameter"":""delay_minutes"",""asset_id"":6,""lower_bound"":25.0,""upper_bound"":35.0,""selected_value"":35.0,""unit"":""minutes"",""selection_policy"":""conservative_upper""},{""parameter"":""energy_multiplier"",""asset_id"":6,""lower_bound"":1.1,""upper_bound"":1.16,""selected_value"":1.16,""unit"":""multiplier"",""selection_policy"":""conservative_upper""}],""recommended_action"":""optimize"",""rationale"":""A verified correction supersedes earlier values and requires reoptimization.""},""material"":true,""updates"":{""delay_minutes_by_bus"":{""6"":35},""energy_multiplier_by_bus"":{""6"":1.16},""charger_power_kw"":{},""unavailable_chargers"":[]},""evidence"":[""canonical_uncertainty_policy_v1"",""trigger_uncertainty_chat_v3""]}"
OPS-102-recovery-clean,v3_route6_closure,OPS-102,service_alert,clean,test,recovery,14,Operations notice OPS-102. The affected buses and chargers for lane closure on route block 6 are confirmed back to normal. Confidence 0.96. Field information and initial telemetry conflict where stated. Recovery confirmed: restore nominal assumptions and replan now.,"{""event_id"":""OPS-102"",""source_type"":""service_alert"",""event_type"":""service_delay"",""phase"":""recovery"",""affected_buses"":[6],""affected_chargers"":[],""effective_timestep"":14,""expected_end_timestep"":null,""uncertainty"":false,""uncertainty_details"":{""confidence_level"":0.96,""provisional"":false,""conflicting_evidence"":[],""estimates"":[{""parameter"":""delay_minutes"",""asset_id"":6,""lower_bound"":0.0,""upper_bound"":0.0,""selected_value"":0.0,""unit"":""minutes"",""selection_policy"":""restored_nominal""},{""parameter"":""energy_multiplier"",""asset_id"":6,""lower_bound"":1.0,""upper_bound"":1.0,""selected_value"":1.0,""unit"":""multiplier"",""selection_policy"":""restored_nominal""}],""recommended_action"":""optimize"",""rationale"":""Confirmed recovery restores nominal optimizer assumptions.""},""material"":true,""updates"":{""delay_minutes_by_bus"":{""6"":0},""energy_multiplier_by_bus"":{""6"":1.0},""charger_power_kw"":{},""unavailable_chargers"":[]},""evidence"":[""canonical_uncertainty_policy_v1"",""trigger_uncertainty_chat_v3""]}"
OPS-102-stable-clean,v3_route6_closure,OPS-102,service_alert,clean,test,stable,15,Operations notice OPS-102. Post-recovery monitoring is normal; a message about a break-room charger is unrelated to fleet operations. Confidence 1.00. Field information and initial telemetry conflict where stated. No new operational restriction; no replan is needed.,"{""event_id"":""OPS-102"",""source_type"":""service_alert"",""event_type"":""informational"",""phase"":""stable"",""affected_buses"":[],""affected_chargers"":[],""effective_timestep"":15,""expected_end_timestep"":null,""uncertainty"":false,""uncertainty_details"":{""confidence_level"":1.0,""provisional"":false,""conflicting_evidence"":[],""estimates"":[],""recommended_action"":""wait"",""rationale"":""Post-recovery chatter contains no new operational restriction.""},""material"":false,""updates"":{""delay_minutes_by_bus"":{},""energy_multiplier_by_bus"":{},""charger_power_kw"":{},""unavailable_chargers"":[]},""evidence"":[""canonical_uncertainty_policy_v1"",""trigger_uncertainty_chat_v3""]}"
OPS-102-warning-single_message,v3_route6_closure,OPS-102,driver_chat,single_message,test,warning,9,Driver 6 re OPS-102: A conditional warning was raised for lane closure on route block 6. unit 6 delay 15-25 min; unit 6 traction energy 1.05-1.10x normal. dashboard is a bit flaky; conf 0.45. Request confirmation and do not replan yet.,"{""event_id"":""OPS-102"",""source_type"":""driver_chat"",""event_type"":""service_delay"",""phase"":""warning"",""affected_buses"":[6],""affected_chargers"":[],""effective_timestep"":9,""expected_end_timestep"":null,""uncertainty"":true,""uncertainty_details"":{""confidence_level"":0.45,""provisional"":true,""conflicting_evidence"":[""field_report_vs_initial_telemetry""],""estimates"":[{""parameter"":""delay_minutes"",""asset_id"":6,""lower_bound"":15.0,""upper_bound"":25.0,""selected_value"":null,""unit"":""minutes"",""selection_policy"":""no_update_pending_confirmation""},{""parameter"":""energy_multiplier"",""asset_id"":6,""lower_bound"":1.05,""upper_bound"":1.1,""selected_value"":null,""unit"":""multiplier"",""selection_policy"":""no_update_pending_confirmation""}],""recommended_action"":""request_confirmation"",""rationale"":""Conditional warning lacks confirmation; request confirmation without changing optimizer inputs.""},""material"":true,""updates"":{""delay_minutes_by_bus"":{},""energy_multiplier_by_bus"":{},""charger_power_kw"":{},""unavailable_chargers"":[]},""evidence"":[""canonical_uncertainty_policy_v1"",""trigger_uncertainty_chat_v3""]}"
OPS-102-onset-single_message,v3_route6_closure,OPS-102,driver_chat,single_message,test,onset,10,Driver 6 re OPS-102: The event is now confirmed for lane closure on route block 6. unit 6 delay 15-25 min; unit 6 traction energy 1.05-1.10x normal. dashboard is a bit flaky; conf 0.72. Confirmed material: apply the conservative bound provisionally and replan now.,"{""event_id"":""OPS-102"",""source_type"":""driver_chat"",""event_type"":""service_delay"",""phase"":""onset"",""affected_buses"":[6],""affected_chargers"":[],""effective_timestep"":10,""expected_end_timestep"":null,""uncertainty"":true,""uncertainty_details"":{""confidence_level"":0.72,""provisional"":true,""conflicting_evidence"":[""field_estimate_vs_fluctuating_dashboard""],""estimates"":[{""parameter"":""delay_minutes"",""asset_id"":6,""lower_bound"":15.0,""upper_bound"":25.0,""selected_value"":25.0,""unit"":""minutes"",""selection_policy"":""conservative_upper""},{""parameter"":""energy_multiplier"",""asset_id"":6,""lower_bound"":1.05,""upper_bound"":1.1,""selected_value"":1.1,""unit"":""multiplier"",""selection_policy"":""conservative_upper""}],""recommended_action"":""optimize"",""rationale"":""Material event is confirmed; apply the frozen conservative parameter policy provisionally.""},""material"":true,""updates"":{""delay_minutes_by_bus"":{""6"":25},""energy_multiplier_by_bus"":{""6"":1.1},""charger_power_kw"":{},""unavailable_chargers"":[]},""evidence"":[""canonical_uncertainty_policy_v1"",""trigger_uncertainty_chat_v3""]}"
OPS-102-persistence-single_message,v3_route6_closure,OPS-102,driver_chat,single_message,test,persistence,11,Driver 6 re OPS-102: The same event remains active. Field reports persist but delayed telemetry still disagrees. unit 6 delay 15-25 min; unit 6 traction energy 1.05-1.10x normal. dashboard is a bit flaky; conf 0.60. No selected value changed; keep the current plan and wait.,"{""event_id"":""OPS-102"",""source_type"":""driver_chat"",""event_type"":""service_delay"",""phase"":""persistence"",""affected_buses"":[6],""affected_chargers"":[],""effective_timestep"":11,""expected_end_timestep"":null,""uncertainty"":true,""uncertainty_details"":{""confidence_level"":0.6,""provisional"":true,""conflicting_evidence"":[""driver_or_maintenance_report_vs_delayed_telemetry""],""estimates"":[{""parameter"":""delay_minutes"",""asset_id"":6,""lower_bound"":15.0,""upper_bound"":25.0,""selected_value"":25.0,""unit"":""minutes"",""selection_policy"":""conservative_upper""},{""parameter"":""energy_multiplier"",""asset_id"":6,""lower_bound"":1.05,""upper_bound"":1.1,""selected_value"":1.1,""unit"":""multiplier"",""selection_policy"":""conservative_upper""}],""recommended_action"":""wait"",""rationale"":""No selected operational value has changed; wait and avoid duplicate optimization.""},""material"":true,""updates"":{""delay_minutes_by_bus"":{""6"":25},""energy_multiplier_by_bus"":{""6"":1.1},""charger_power_kw"":{},""unavailable_chargers"":[]},""evidence"":[""canonical_uncertainty_policy_v1"",""trigger_uncertainty_chat_v3""]}"
OPS-102-severity_change-single_message,v3_route6_closure,OPS-102,driver_chat,single_message,test,severity_change,12,Driver 6 re OPS-102: A verified correction supersedes the previous estimate for lane closure on route block 6. unit 6 delay 25-35 min; unit 6 traction energy 1.10-1.16x normal. dashboard is a bit flaky; conf 0.88. Verified correction: supersede the earlier values and replan now.,"{""event_id"":""OPS-102"",""source_type"":""driver_chat"",""event_type"":""service_delay"",""phase"":""severity_change"",""affected_buses"":[6],""affected_chargers"":[],""effective_timestep"":12,""expected_end_timestep"":null,""uncertainty"":false,""uncertainty_details"":{""confidence_level"":0.88,""provisional"":false,""conflicting_evidence"":[],""estimates"":[{""parameter"":""delay_minutes"",""asset_id"":6,""lower_bound"":25.0,""upper_bound"":35.0,""selected_value"":35.0,""unit"":""minutes"",""selection_policy"":""conservative_upper""},{""parameter"":""energy_multiplier"",""asset_id"":6,""lower_bound"":1.1,""upper_bound"":1.16,""selected_value"":1.16,""unit"":""multiplier"",""selection_policy"":""conservative_upper""}],""recommended_action"":""optimize"",""rationale"":""A verified correction supersedes earlier values and requires reoptimization.""},""material"":true,""updates"":{""delay_minutes_by_bus"":{""6"":35},""energy_multiplier_by_bus"":{""6"":1.16},""charger_power_kw"":{},""unavailable_chargers"":[]},""evidence"":[""canonical_uncertainty_policy_v1"",""trigger_uncertainty_chat_v3""]}"
OPS-102-recovery-single_message,v3_route6_closure,OPS-102,driver_chat,single_message,test,recovery,14,Driver 6 re OPS-102: The affected buses and chargers for lane closure on route block 6 are confirmed back to normal. dashboard is a bit flaky; conf 0.96. Recovery confirmed: restore nominal assumptions and replan now.,"{""event_id"":""OPS-102"",""source_type"":""driver_chat"",""event_type"":""service_delay"",""phase"":""recovery"",""affected_buses"":[6],""affected_chargers"":[],""effective_timestep"":14,""expected_end_timestep"":null,""uncertainty"":false,""uncertainty_details"":{""confidence_level"":0.96,""provisional"":false,""conflicting_evidence"":[],""estimates"":[{""parameter"":""delay_minutes"",""asset_id"":6,""lower_bound"":0.0,""upper_bound"":0.0,""selected_value"":0.0,""unit"":""minutes"",""selection_policy"":""restored_nominal""},{""parameter"":""energy_multiplier"",""asset_id"":6,""lower_bound"":1.0,""upper_bound"":1.0,""selected_value"":1.0,""unit"":""multiplier"",""selection_policy"":""restored_nominal""}],""recommended_action"":""optimize"",""rationale"":""Confirmed recovery restores nominal optimizer assumptions.""},""material"":true,""updates"":{""delay_minutes_by_bus"":{""6"":0},""energy_multiplier_by_bus"":{""6"":1.0},""charger_power_kw"":{},""unavailable_chargers"":[]},""evidence"":[""canonical_uncertainty_policy_v1"",""trigger_uncertainty_chat_v3""]}"
OPS-102-stable-single_message,v3_route6_closure,OPS-102,driver_chat,single_message,test,stable,15,Driver 6 re OPS-102: Post-recovery monitoring is normal; a message about a break-room charger is unrelated to fleet operations. dashboard is a bit flaky; conf 1.00. No new operational restriction; no replan is needed.,"{""event_id"":""OPS-102"",""source_type"":""driver_chat"",""event_type"":""informational"",""phase"":""stable"",""affected_buses"":[],""affected_chargers"":[],""effective_timestep"":15,""expected_end_timestep"":null,""uncertainty"":false,""uncertainty_details"":{""confidence_level"":1.0,""provisional"":false,""conflicting_evidence"":[],""estimates"":[],""recommended_action"":""wait"",""rationale"":""Post-recovery chatter contains no new operational restriction.""},""material"":false,""updates"":{""delay_minutes_by_bus"":{},""energy_multiplier_by_bus"":{},""charger_power_kw"":{},""unavailable_chargers"":[]},""evidence"":[""canonical_uncertainty_policy_v1"",""trigger_uncertainty_chat_v3""]}"
OPS-102-warning-driver_chat,v3_route6_closure,OPS-102,driver_chat,driver_chat,test,warning,9,"[OPS-102] Driver 6: Heads-up only—if the lane closure on route block 6 is real, unit 6 is somewhere between fifteen and twenty-five minutes late; its battery draw looks five to ten percent above normal.
Telemetry desk: First screen is lagging and I cannot corroborate that yet.
Dispatcher: Confidence is about 45 percent. Could someone verify before we touch the schedule?","{""event_id"":""OPS-102"",""source_type"":""driver_chat"",""event_type"":""service_delay"",""phase"":""warning"",""affected_buses"":[6],""affected_chargers"":[],""effective_timestep"":9,""expected_end_timestep"":null,""uncertainty"":true,""uncertainty_details"":{""confidence_level"":0.45,""provisional"":true,""conflicting_evidence"":[""field_report_vs_initial_telemetry""],""estimates"":[{""parameter"":""delay_minutes"",""asset_id"":6,""lower_bound"":15.0,""upper_bound"":25.0,""selected_value"":null,""unit"":""minutes"",""selection_policy"":""no_update_pending_confirmation""},{""parameter"":""energy_multiplier"",""asset_id"":6,""lower_bound"":1.05,""upper_bound"":1.1,""selected_value"":null,""unit"":""multiplier"",""selection_policy"":""no_update_pending_confirmation""}],""recommended_action"":""request_confirmation"",""rationale"":""Conditional warning lacks confirmation; request confirmation without changing optimizer inputs.""},""material"":true,""updates"":{""delay_minutes_by_bus"":{},""energy_multiplier_by_bus"":{},""charger_power_kw"":{},""unavailable_chargers"":[]},""evidence"":[""canonical_uncertainty_policy_v1"",""trigger_uncertainty_chat_v3""]}"
OPS-102-onset-driver_chat,v3_route6_closure,OPS-102,driver_chat,driver_chat,test,onset,10,"[OPS-102] Driver 6: Field check backs it up: unit 6 is somewhere between fifteen and twenty-five minutes late; its battery draw looks five to ten percent above normal.
Telemetry desk: My feed is still bouncing, so the field range and screen do not agree exactly.
Dispatcher: Use the cautious end of those figures for now; confidence 72 percent. Treat it as live.","{""event_id"":""OPS-102"",""source_type"":""driver_chat"",""event_type"":""service_delay"",""phase"":""onset"",""affected_buses"":[6],""affected_chargers"":[],""effective_timestep"":10,""expected_end_timestep"":null,""uncertainty"":true,""uncertainty_details"":{""confidence_level"":0.72,""provisional"":true,""conflicting_evidence"":[""field_estimate_vs_fluctuating_dashboard""],""estimates"":[{""parameter"":""delay_minutes"",""asset_id"":6,""lower_bound"":15.0,""upper_bound"":25.0,""selected_value"":25.0,""unit"":""minutes"",""selection_policy"":""conservative_upper""},{""parameter"":""energy_multiplier"",""asset_id"":6,""lower_bound"":1.05,""upper_bound"":1.1,""selected_value"":1.1,""unit"":""multiplier"",""selection_policy"":""conservative_upper""}],""recommended_action"":""optimize"",""rationale"":""Material event is confirmed; apply the frozen conservative parameter policy provisionally.""},""material"":true,""updates"":{""delay_minutes_by_bus"":{""6"":25},""energy_multiplier_by_bus"":{""6"":1.1},""charger_power_kw"":{},""unavailable_chargers"":[]},""evidence"":[""canonical_uncertainty_policy_v1"",""trigger_uncertainty_chat_v3""]}"
OPS-102-persistence-driver_chat,v3_route6_closure,OPS-102,driver_chat,driver_chat,test,persistence,11,"[OPS-102] Driver 6: Same issue as the last exchange; unit 6 is somewhere between fifteen and twenty-five minutes late; its battery draw looks five to ten percent above normal.
Telemetry desk: The delayed screen still shows something lower.
Dispatcher: Confidence remains 60 percent. Leave what we already loaded alone for now.","{""event_id"":""OPS-102"",""source_type"":""driver_chat"",""event_type"":""service_delay"",""phase"":""persistence"",""affected_buses"":[6],""affected_chargers"":[],""effective_timestep"":11,""expected_end_timestep"":null,""uncertainty"":true,""uncertainty_details"":{""confidence_level"":0.6,""provisional"":true,""conflicting_evidence"":[""driver_or_maintenance_report_vs_delayed_telemetry""],""estimates"":[{""parameter"":""delay_minutes"",""asset_id"":6,""lower_bound"":15.0,""upper_bound"":25.0,""selected_value"":25.0,""unit"":""minutes"",""selection_policy"":""conservative_upper""},{""parameter"":""energy_multiplier"",""asset_id"":6,""lower_bound"":1.05,""upper_bound"":1.1,""selected_value"":1.1,""unit"":""multiplier"",""selection_policy"":""conservative_upper""}],""recommended_action"":""wait"",""rationale"":""No selected operational value has changed; wait and avoid duplicate optimization.""},""material"":true,""updates"":{""delay_minutes_by_bus"":{""6"":25},""energy_multiplier_by_bus"":{""6"":1.1},""charger_power_kw"":{},""unavailable_chargers"":[]},""evidence"":[""canonical_uncertainty_policy_v1"",""trigger_uncertainty_chat_v3""]}"
OPS-102-severity_change-driver_chat,v3_route6_closure,OPS-102,driver_chat,driver_chat,test,severity_change,12,"[OPS-102] Telemetry desk: The old board still repeats: unit 6 is somewhere between fifteen and twenty-five minutes late; its battery draw looks five to ten percent above normal.
Driver 6: Fresh field check says unit 6 is somewhere between twenty-five and thirty-five minutes late; its battery draw looks ten to sixteen percent above normal.
Dispatcher: Scratch the previous figures; the fresh field range is authoritative at 88 percent confidence. Publish the replacement.","{""event_id"":""OPS-102"",""source_type"":""driver_chat"",""event_type"":""service_delay"",""phase"":""severity_change"",""affected_buses"":[6],""affected_chargers"":[],""effective_timestep"":12,""expected_end_timestep"":null,""uncertainty"":false,""uncertainty_details"":{""confidence_level"":0.88,""provisional"":false,""conflicting_evidence"":[],""estimates"":[{""parameter"":""delay_minutes"",""asset_id"":6,""lower_bound"":25.0,""upper_bound"":35.0,""selected_value"":35.0,""unit"":""minutes"",""selection_policy"":""conservative_upper""},{""parameter"":""energy_multiplier"",""asset_id"":6,""lower_bound"":1.1,""upper_bound"":1.16,""selected_value"":1.16,""unit"":""multiplier"",""selection_policy"":""conservative_upper""}],""recommended_action"":""optimize"",""rationale"":""A verified correction supersedes earlier values and requires reoptimization.""},""material"":true,""updates"":{""delay_minutes_by_bus"":{""6"":35},""energy_multiplier_by_bus"":{""6"":1.16},""charger_power_kw"":{},""unavailable_chargers"":[]},""evidence"":[""canonical_uncertainty_policy_v1"",""trigger_uncertainty_chat_v3""]}"
OPS-102-recovery-driver_chat,v3_route6_closure,OPS-102,driver_chat,driver_chat,test,recovery,14,"[OPS-102] Driver 6: Field gives the all-clear on the same equipment and route.
Telemetry desk: Normal readings are now corroborated.
Dispatcher: Confidence 96 percent. Put the original planning values back into service.","{""event_id"":""OPS-102"",""source_type"":""driver_chat"",""event_type"":""service_delay"",""phase"":""recovery"",""affected_buses"":[6],""affected_chargers"":[],""effective_timestep"":14,""expected_end_timestep"":null,""uncertainty"":false,""uncertainty_details"":{""confidence_level"":0.96,""provisional"":false,""conflicting_evidence"":[],""estimates"":[{""parameter"":""delay_minutes"",""asset_id"":6,""lower_bound"":0.0,""upper_bound"":0.0,""selected_value"":0.0,""unit"":""minutes"",""selection_policy"":""restored_nominal""},{""parameter"":""energy_multiplier"",""asset_id"":6,""lower_bound"":1.0,""upper_bound"":1.0,""selected_value"":1.0,""unit"":""multiplier"",""selection_policy"":""restored_nominal""}],""recommended_action"":""optimize"",""rationale"":""Confirmed recovery restores nominal optimizer assumptions.""},""material"":true,""updates"":{""delay_minutes_by_bus"":{""6"":0},""energy_multiplier_by_bus"":{""6"":1.0},""charger_power_kw"":{},""unavailable_chargers"":[]},""evidence"":[""canonical_uncertainty_policy_v1"",""trigger_uncertainty_chat_v3""]}"
OPS-102-stable-driver_chat,v3_route6_closure,OPS-102,driver_chat,driver_chat,test,stable,15,"[OPS-102] Depot chat: FYI after close-out, everything operational is quiet.
Driver lounge: The phone charger by the coffee machine is still broken.
Dispatcher: That is not a fleet asset and there is nothing for fleet dispatch to change.","{""event_id"":""OPS-102"",""source_type"":""driver_chat"",""event_type"":""informational"",""phase"":""stable"",""affected_buses"":[],""affected_chargers"":[],""effective_timestep"":15,""expected_end_timestep"":null,""uncertainty"":false,""uncertainty_details"":{""confidence_level"":1.0,""provisional"":false,""conflicting_evidence"":[],""estimates"":[],""recommended_action"":""wait"",""rationale"":""Post-recovery chatter contains no new operational restriction.""},""material"":false,""updates"":{""delay_minutes_by_bus"":{},""energy_multiplier_by_bus"":{},""charger_power_kw"":{},""unavailable_chargers"":[]},""evidence"":[""canonical_uncertainty_policy_v1"",""trigger_uncertainty_chat_v3""]}"
OPS-102-warning-uncertain_chat,v3_route6_closure,OPS-102,driver_chat,uncertain_chat,test,warning,9,"[OPS-102] Driver 6: Heads-up only—if the lane closure on route block 6 is real, unit 6 is somewhere between fifteen and twenty-five minutes late; its battery draw looks five to ten percent above normal.
Driver lounge: Anyone swapping the afternoon break? This is unrelated to the incident.
Telemetry desk: First screen is lagging and I cannot corroborate that yet.
Maintenance: One stale dashboard panel may contradict the field thread; follow the latest authorized dispatch line.
Dispatcher: Confidence is about 45 percent. Could someone verify before we touch the schedule?","{""event_id"":""OPS-102"",""source_type"":""driver_chat"",""event_type"":""service_delay"",""phase"":""warning"",""affected_buses"":[6],""affected_chargers"":[],""effective_timestep"":9,""expected_end_timestep"":null,""uncertainty"":true,""uncertainty_details"":{""confidence_level"":0.45,""provisional"":true,""conflicting_evidence"":[""field_report_vs_initial_telemetry""],""estimates"":[{""parameter"":""delay_minutes"",""asset_id"":6,""lower_bound"":15.0,""upper_bound"":25.0,""selected_value"":null,""unit"":""minutes"",""selection_policy"":""no_update_pending_confirmation""},{""parameter"":""energy_multiplier"",""asset_id"":6,""lower_bound"":1.05,""upper_bound"":1.1,""selected_value"":null,""unit"":""multiplier"",""selection_policy"":""no_update_pending_confirmation""}],""recommended_action"":""request_confirmation"",""rationale"":""Conditional warning lacks confirmation; request confirmation without changing optimizer inputs.""},""material"":true,""updates"":{""delay_minutes_by_bus"":{},""energy_multiplier_by_bus"":{},""charger_power_kw"":{},""unavailable_chargers"":[]},""evidence"":[""canonical_uncertainty_policy_v1"",""trigger_uncertainty_chat_v3""]}"
OPS-102-onset-uncertain_chat,v3_route6_closure,OPS-102,driver_chat,uncertain_chat,test,onset,10,"[OPS-102] Driver 6: Field check backs it up: unit 6 is somewhere between fifteen and twenty-five minutes late; its battery draw looks five to ten percent above normal.
Driver lounge: Anyone swapping the afternoon break? This is unrelated to the incident.
Telemetry desk: My feed is still bouncing, so the field range and screen do not agree exactly.
Maintenance: One stale dashboard panel may contradict the field thread; follow the latest authorized dispatch line.
Dispatcher: Use the cautious end of those figures for now; confidence 72 percent. Treat it as live.","{""event_id"":""OPS-102"",""source_type"":""driver_chat"",""event_type"":""service_delay"",""phase"":""onset"",""affected_buses"":[6],""affected_chargers"":[],""effective_timestep"":10,""expected_end_timestep"":null,""uncertainty"":true,""uncertainty_details"":{""confidence_level"":0.72,""provisional"":true,""conflicting_evidence"":[""field_estimate_vs_fluctuating_dashboard""],""estimates"":[{""parameter"":""delay_minutes"",""asset_id"":6,""lower_bound"":15.0,""upper_bound"":25.0,""selected_value"":25.0,""unit"":""minutes"",""selection_policy"":""conservative_upper""},{""parameter"":""energy_multiplier"",""asset_id"":6,""lower_bound"":1.05,""upper_bound"":1.1,""selected_value"":1.1,""unit"":""multiplier"",""selection_policy"":""conservative_upper""}],""recommended_action"":""optimize"",""rationale"":""Material event is confirmed; apply the frozen conservative parameter policy provisionally.""},""material"":true,""updates"":{""delay_minutes_by_bus"":{""6"":25},""energy_multiplier_by_bus"":{""6"":1.1},""charger_power_kw"":{},""unavailable_chargers"":[]},""evidence"":[""canonical_uncertainty_policy_v1"",""trigger_uncertainty_chat_v3""]}"
OPS-102-persistence-uncertain_chat,v3_route6_closure,OPS-102,driver_chat,uncertain_chat,test,persistence,11,"[OPS-102] Driver 6: Same issue as the last exchange; unit 6 is somewhere between fifteen and twenty-five minutes late; its battery draw looks five to ten percent above normal.
Driver lounge: Anyone swapping the afternoon break? This is unrelated to the incident.
Telemetry desk: The delayed screen still shows something lower.
Maintenance: One stale dashboard panel may contradict the field thread; follow the latest authorized dispatch line.
Dispatcher: Confidence remains 60 percent. Leave what we already loaded alone for now.","{""event_id"":""OPS-102"",""source_type"":""driver_chat"",""event_type"":""service_delay"",""phase"":""persistence"",""affected_buses"":[6],""affected_chargers"":[],""effective_timestep"":11,""expected_end_timestep"":null,""uncertainty"":true,""uncertainty_details"":{""confidence_level"":0.6,""provisional"":true,""conflicting_evidence"":[""driver_or_maintenance_report_vs_delayed_telemetry""],""estimates"":[{""parameter"":""delay_minutes"",""asset_id"":6,""lower_bound"":15.0,""upper_bound"":25.0,""selected_value"":25.0,""unit"":""minutes"",""selection_policy"":""conservative_upper""},{""parameter"":""energy_multiplier"",""asset_id"":6,""lower_bound"":1.05,""upper_bound"":1.1,""selected_value"":1.1,""unit"":""multiplier"",""selection_policy"":""conservative_upper""}],""recommended_action"":""wait"",""rationale"":""No selected operational value has changed; wait and avoid duplicate optimization.""},""material"":true,""updates"":{""delay_minutes_by_bus"":{""6"":25},""energy_multiplier_by_bus"":{""6"":1.1},""charger_power_kw"":{},""unavailable_chargers"":[]},""evidence"":[""canonical_uncertainty_policy_v1"",""trigger_uncertainty_chat_v3""]}"
OPS-102-severity_change-uncertain_chat,v3_route6_closure,OPS-102,driver_chat,uncertain_chat,test,severity_change,12,"[OPS-102] Telemetry desk: The old board still repeats: unit 6 is somewhere between fifteen and twenty-five minutes late; its battery draw looks five to ten percent above normal.
Driver lounge: Anyone swapping the afternoon break? This is unrelated to the incident.
Driver 6: Fresh field check says unit 6 is somewhere between twenty-five and thirty-five minutes late; its battery draw looks ten to sixteen percent above normal.
Maintenance: One stale dashboard panel may contradict the field thread; follow the latest authorized dispatch line.
Dispatcher: Scratch the previous figures; the fresh field range is authoritative at 88 percent confidence. Publish the replacement.","{""event_id"":""OPS-102"",""source_type"":""driver_chat"",""event_type"":""service_delay"",""phase"":""severity_change"",""affected_buses"":[6],""affected_chargers"":[],""effective_timestep"":12,""expected_end_timestep"":null,""uncertainty"":false,""uncertainty_details"":{""confidence_level"":0.88,""provisional"":false,""conflicting_evidence"":[],""estimates"":[{""parameter"":""delay_minutes"",""asset_id"":6,""lower_bound"":25.0,""upper_bound"":35.0,""selected_value"":35.0,""unit"":""minutes"",""selection_policy"":""conservative_upper""},{""parameter"":""energy_multiplier"",""asset_id"":6,""lower_bound"":1.1,""upper_bound"":1.16,""selected_value"":1.16,""unit"":""multiplier"",""selection_policy"":""conservative_upper""}],""recommended_action"":""optimize"",""rationale"":""A verified correction supersedes earlier values and requires reoptimization.""},""material"":true,""updates"":{""delay_minutes_by_bus"":{""6"":35},""energy_multiplier_by_bus"":{""6"":1.16},""charger_power_kw"":{},""unavailable_chargers"":[]},""evidence"":[""canonical_uncertainty_policy_v1"",""trigger_uncertainty_chat_v3""]}"
OPS-102-recovery-uncertain_chat,v3_route6_closure,OPS-102,driver_chat,uncertain_chat,test,recovery,14,"[OPS-102] Driver 6: Field gives the all-clear on the same equipment and route.
Driver lounge: Anyone swapping the afternoon break? This is unrelated to the incident.
Telemetry desk: Normal readings are now corroborated.
Maintenance: One stale dashboard panel may contradict the field thread; follow the latest authorized dispatch line.
Dispatcher: Confidence 96 percent. Put the original planning values back into service.","{""event_id"":""OPS-102"",""source_type"":""driver_chat"",""event_type"":""service_delay"",""phase"":""recovery"",""affected_buses"":[6],""affected_chargers"":[],""effective_timestep"":14,""expected_end_timestep"":null,""uncertainty"":false,""uncertainty_details"":{""confidence_level"":0.96,""provisional"":false,""conflicting_evidence"":[],""estimates"":[{""parameter"":""delay_minutes"",""asset_id"":6,""lower_bound"":0.0,""upper_bound"":0.0,""selected_value"":0.0,""unit"":""minutes"",""selection_policy"":""restored_nominal""},{""parameter"":""energy_multiplier"",""asset_id"":6,""lower_bound"":1.0,""upper_bound"":1.0,""selected_value"":1.0,""unit"":""multiplier"",""selection_policy"":""restored_nominal""}],""recommended_action"":""optimize"",""rationale"":""Confirmed recovery restores nominal optimizer assumptions.""},""material"":true,""updates"":{""delay_minutes_by_bus"":{""6"":0},""energy_multiplier_by_bus"":{""6"":1.0},""charger_power_kw"":{},""unavailable_chargers"":[]},""evidence"":[""canonical_uncertainty_policy_v1"",""trigger_uncertainty_chat_v3""]}"
OPS-102-stable-uncertain_chat,v3_route6_closure,OPS-102,driver_chat,uncertain_chat,test,stable,15,"[OPS-102] Depot chat: FYI after close-out, everything operational is quiet.
Driver lounge: Anyone swapping the afternoon break? This is unrelated to the incident.
Driver lounge: The phone charger by the coffee machine is still broken.
Maintenance: One stale dashboard panel may contradict the field thread; follow the latest authorized dispatch line.
Dispatcher: That is not a fleet asset and there is nothing for fleet dispatch to change.","{""event_id"":""OPS-102"",""source_type"":""driver_chat"",""event_type"":""informational"",""phase"":""stable"",""affected_buses"":[],""affected_chargers"":[],""effective_timestep"":15,""expected_end_timestep"":null,""uncertainty"":false,""uncertainty_details"":{""confidence_level"":1.0,""provisional"":false,""conflicting_evidence"":[],""estimates"":[],""recommended_action"":""wait"",""rationale"":""Post-recovery chatter contains no new operational restriction.""},""material"":false,""updates"":{""delay_minutes_by_bus"":{},""energy_multiplier_by_bus"":{},""charger_power_kw"":{},""unavailable_chargers"":[]},""evidence"":[""canonical_uncertainty_policy_v1"",""trigger_uncertainty_chat_v3""]}"
OPS-103-warning-clean,v3_bus2_energy_sensor,OPS-103,service_alert,clean,test,warning,9,Operations notice OPS-103. A conditional warning was raised for substitute alignment and fluctuating energy dashboard for unit 2. unit 2 traction energy 1.08-1.15x normal. Confidence 0.45. Field information and initial telemetry conflict where stated. Request confirmation and do not replan yet.,"{""event_id"":""OPS-103"",""source_type"":""service_alert"",""event_type"":""route_energy_change"",""phase"":""warning"",""affected_buses"":[2],""affected_chargers"":[],""effective_timestep"":9,""expected_end_timestep"":null,""uncertainty"":true,""uncertainty_details"":{""confidence_level"":0.45,""provisional"":true,""conflicting_evidence"":[""field_report_vs_initial_telemetry""],""estimates"":[{""parameter"":""energy_multiplier"",""asset_id"":2,""lower_bound"":1.08,""upper_bound"":1.15,""selected_value"":null,""unit"":""multiplier"",""selection_policy"":""no_update_pending_confirmation""}],""recommended_action"":""request_confirmation"",""rationale"":""Conditional warning lacks confirmation; request confirmation without changing optimizer inputs.""},""material"":true,""updates"":{""delay_minutes_by_bus"":{},""energy_multiplier_by_bus"":{},""charger_power_kw"":{},""unavailable_chargers"":[]},""evidence"":[""canonical_uncertainty_policy_v1"",""trigger_uncertainty_chat_v3""]}"
OPS-103-onset-clean,v3_bus2_energy_sensor,OPS-103,service_alert,clean,test,onset,10,Operations notice OPS-103. The event is now confirmed for substitute alignment and fluctuating energy dashboard for unit 2. unit 2 traction energy 1.08-1.15x normal. Confidence 0.72. Field information and initial telemetry conflict where stated. Confirmed material: apply the conservative bound provisionally and replan now.,"{""event_id"":""OPS-103"",""source_type"":""service_alert"",""event_type"":""route_energy_change"",""phase"":""onset"",""affected_buses"":[2],""affected_chargers"":[],""effective_timestep"":10,""expected_end_timestep"":null,""uncertainty"":true,""uncertainty_details"":{""confidence_level"":0.72,""provisional"":true,""conflicting_evidence"":[""field_estimate_vs_fluctuating_dashboard""],""estimates"":[{""parameter"":""energy_multiplier"",""asset_id"":2,""lower_bound"":1.08,""upper_bound"":1.15,""selected_value"":1.15,""unit"":""multiplier"",""selection_policy"":""conservative_upper""}],""recommended_action"":""optimize"",""rationale"":""Material event is confirmed; apply the frozen conservative parameter policy provisionally.""},""material"":true,""updates"":{""delay_minutes_by_bus"":{},""energy_multiplier_by_bus"":{""2"":1.15},""charger_power_kw"":{},""unavailable_chargers"":[]},""evidence"":[""canonical_uncertainty_policy_v1"",""trigger_uncertainty_chat_v3""]}"
OPS-103-persistence-clean,v3_bus2_energy_sensor,OPS-103,service_alert,clean,test,persistence,11,Operations notice OPS-103. The same event remains active. Field reports persist but delayed telemetry still disagrees. unit 2 traction energy 1.08-1.15x normal. Confidence 0.60. Field information and initial telemetry conflict where stated. No selected value changed; keep the current plan and wait.,"{""event_id"":""OPS-103"",""source_type"":""service_alert"",""event_type"":""route_energy_change"",""phase"":""persistence"",""affected_buses"":[2],""affected_chargers"":[],""effective_timestep"":11,""expected_end_timestep"":null,""uncertainty"":true,""uncertainty_details"":{""confidence_level"":0.6,""provisional"":true,""conflicting_evidence"":[""driver_or_maintenance_report_vs_delayed_telemetry""],""estimates"":[{""parameter"":""energy_multiplier"",""asset_id"":2,""lower_bound"":1.08,""upper_bound"":1.15,""selected_value"":1.15,""unit"":""multiplier"",""selection_policy"":""conservative_upper""}],""recommended_action"":""wait"",""rationale"":""No selected operational value has changed; wait and avoid duplicate optimization.""},""material"":true,""updates"":{""delay_minutes_by_bus"":{},""energy_multiplier_by_bus"":{""2"":1.15},""charger_power_kw"":{},""unavailable_chargers"":[]},""evidence"":[""canonical_uncertainty_policy_v1"",""trigger_uncertainty_chat_v3""]}"
OPS-103-severity_change-clean,v3_bus2_energy_sensor,OPS-103,service_alert,clean,test,severity_change,12,Operations notice OPS-103. A verified correction supersedes the previous estimate for substitute alignment and fluctuating energy dashboard for unit 2. unit 2 traction energy 1.14-1.22x normal. Confidence 0.88. Field information and initial telemetry conflict where stated. Verified correction: supersede the earlier values and replan now.,"{""event_id"":""OPS-103"",""source_type"":""service_alert"",""event_type"":""route_energy_change"",""phase"":""severity_change"",""affected_buses"":[2],""affected_chargers"":[],""effective_timestep"":12,""expected_end_timestep"":null,""uncertainty"":false,""uncertainty_details"":{""confidence_level"":0.88,""provisional"":false,""conflicting_evidence"":[],""estimates"":[{""parameter"":""energy_multiplier"",""asset_id"":2,""lower_bound"":1.14,""upper_bound"":1.22,""selected_value"":1.22,""unit"":""multiplier"",""selection_policy"":""conservative_upper""}],""recommended_action"":""optimize"",""rationale"":""A verified correction supersedes earlier values and requires reoptimization.""},""material"":true,""updates"":{""delay_minutes_by_bus"":{},""energy_multiplier_by_bus"":{""2"":1.22},""charger_power_kw"":{},""unavailable_chargers"":[]},""evidence"":[""canonical_uncertainty_policy_v1"",""trigger_uncertainty_chat_v3""]}"
OPS-103-recovery-clean,v3_bus2_energy_sensor,OPS-103,service_alert,clean,test,recovery,14,Operations notice OPS-103. The affected buses and chargers for substitute alignment and fluctuating energy dashboard for unit 2 are confirmed back to normal. Confidence 0.96. Field information and initial telemetry conflict where stated. Recovery confirmed: restore nominal assumptions and replan now.,"{""event_id"":""OPS-103"",""source_type"":""service_alert"",""event_type"":""route_energy_change"",""phase"":""recovery"",""affected_buses"":[2],""affected_chargers"":[],""effective_timestep"":14,""expected_end_timestep"":null,""uncertainty"":false,""uncertainty_details"":{""confidence_level"":0.96,""provisional"":false,""conflicting_evidence"":[],""estimates"":[{""parameter"":""energy_multiplier"",""asset_id"":2,""lower_bound"":1.0,""upper_bound"":1.0,""selected_value"":1.0,""unit"":""multiplier"",""selection_policy"":""restored_nominal""}],""recommended_action"":""optimize"",""rationale"":""Confirmed recovery restores nominal optimizer assumptions.""},""material"":true,""updates"":{""delay_minutes_by_bus"":{},""energy_multiplier_by_bus"":{""2"":1.0},""charger_power_kw"":{},""unavailable_chargers"":[]},""evidence"":[""canonical_uncertainty_policy_v1"",""trigger_uncertainty_chat_v3""]}"
OPS-103-stable-clean,v3_bus2_energy_sensor,OPS-103,service_alert,clean,test,stable,15,Operations notice OPS-103. Post-recovery monitoring is normal; a message about a break-room charger is unrelated to fleet operations. Confidence 1.00. Field information and initial telemetry conflict where stated. No new operational restriction; no replan is needed.,"{""event_id"":""OPS-103"",""source_type"":""service_alert"",""event_type"":""informational"",""phase"":""stable"",""affected_buses"":[],""affected_chargers"":[],""effective_timestep"":15,""expected_end_timestep"":null,""uncertainty"":false,""uncertainty_details"":{""confidence_level"":1.0,""provisional"":false,""conflicting_evidence"":[],""estimates"":[],""recommended_action"":""wait"",""rationale"":""Post-recovery chatter contains no new operational restriction.""},""material"":false,""updates"":{""delay_minutes_by_bus"":{},""energy_multiplier_by_bus"":{},""charger_power_kw"":{},""unavailable_chargers"":[]},""evidence"":[""canonical_uncertainty_policy_v1"",""trigger_uncertainty_chat_v3""]}"
OPS-103-warning-single_message,v3_bus2_energy_sensor,OPS-103,driver_chat,single_message,test,warning,9,Driver 2 re OPS-103: A conditional warning was raised for substitute alignment and fluctuating energy dashboard for unit 2. unit 2 traction energy 1.08-1.15x normal. dashboard is a bit flaky; conf 0.45. Request confirmation and do not replan yet.,"{""event_id"":""OPS-103"",""source_type"":""driver_chat"",""event_type"":""route_energy_change"",""phase"":""warning"",""affected_buses"":[2],""affected_chargers"":[],""effective_timestep"":9,""expected_end_timestep"":null,""uncertainty"":true,""uncertainty_details"":{""confidence_level"":0.45,""provisional"":true,""conflicting_evidence"":[""field_report_vs_initial_telemetry""],""estimates"":[{""parameter"":""energy_multiplier"",""asset_id"":2,""lower_bound"":1.08,""upper_bound"":1.15,""selected_value"":null,""unit"":""multiplier"",""selection_policy"":""no_update_pending_confirmation""}],""recommended_action"":""request_confirmation"",""rationale"":""Conditional warning lacks confirmation; request confirmation without changing optimizer inputs.""},""material"":true,""updates"":{""delay_minutes_by_bus"":{},""energy_multiplier_by_bus"":{},""charger_power_kw"":{},""unavailable_chargers"":[]},""evidence"":[""canonical_uncertainty_policy_v1"",""trigger_uncertainty_chat_v3""]}"
OPS-103-onset-single_message,v3_bus2_energy_sensor,OPS-103,driver_chat,single_message,test,onset,10,Driver 2 re OPS-103: The event is now confirmed for substitute alignment and fluctuating energy dashboard for unit 2. unit 2 traction energy 1.08-1.15x normal. dashboard is a bit flaky; conf 0.72. Confirmed material: apply the conservative bound provisionally and replan now.,"{""event_id"":""OPS-103"",""source_type"":""driver_chat"",""event_type"":""route_energy_change"",""phase"":""onset"",""affected_buses"":[2],""affected_chargers"":[],""effective_timestep"":10,""expected_end_timestep"":null,""uncertainty"":true,""uncertainty_details"":{""confidence_level"":0.72,""provisional"":true,""conflicting_evidence"":[""field_estimate_vs_fluctuating_dashboard""],""estimates"":[{""parameter"":""energy_multiplier"",""asset_id"":2,""lower_bound"":1.08,""upper_bound"":1.15,""selected_value"":1.15,""unit"":""multiplier"",""selection_policy"":""conservative_upper""}],""recommended_action"":""optimize"",""rationale"":""Material event is confirmed; apply the frozen conservative parameter policy provisionally.""},""material"":true,""updates"":{""delay_minutes_by_bus"":{},""energy_multiplier_by_bus"":{""2"":1.15},""charger_power_kw"":{},""unavailable_chargers"":[]},""evidence"":[""canonical_uncertainty_policy_v1"",""trigger_uncertainty_chat_v3""]}"
OPS-103-persistence-single_message,v3_bus2_energy_sensor,OPS-103,driver_chat,single_message,test,persistence,11,Driver 2 re OPS-103: The same event remains active. Field reports persist but delayed telemetry still disagrees. unit 2 traction energy 1.08-1.15x normal. dashboard is a bit flaky; conf 0.60. No selected value changed; keep the current plan and wait.,"{""event_id"":""OPS-103"",""source_type"":""driver_chat"",""event_type"":""route_energy_change"",""phase"":""persistence"",""affected_buses"":[2],""affected_chargers"":[],""effective_timestep"":11,""expected_end_timestep"":null,""uncertainty"":true,""uncertainty_details"":{""confidence_level"":0.6,""provisional"":true,""conflicting_evidence"":[""driver_or_maintenance_report_vs_delayed_telemetry""],""estimates"":[{""parameter"":""energy_multiplier"",""asset_id"":2,""lower_bound"":1.08,""upper_bound"":1.15,""selected_value"":1.15,""unit"":""multiplier"",""selection_policy"":""conservative_upper""}],""recommended_action"":""wait"",""rationale"":""No selected operational value has changed; wait and avoid duplicate optimization.""},""material"":true,""updates"":{""delay_minutes_by_bus"":{},""energy_multiplier_by_bus"":{""2"":1.15},""charger_power_kw"":{},""unavailable_chargers"":[]},""evidence"":[""canonical_uncertainty_policy_v1"",""trigger_uncertainty_chat_v3""]}"
OPS-103-severity_change-single_message,v3_bus2_energy_sensor,OPS-103,driver_chat,single_message,test,severity_change,12,Driver 2 re OPS-103: A verified correction supersedes the previous estimate for substitute alignment and fluctuating energy dashboard for unit 2. unit 2 traction energy 1.14-1.22x normal. dashboard is a bit flaky; conf 0.88. Verified correction: supersede the earlier values and replan now.,"{""event_id"":""OPS-103"",""source_type"":""driver_chat"",""event_type"":""route_energy_change"",""phase"":""severity_change"",""affected_buses"":[2],""affected_chargers"":[],""effective_timestep"":12,""expected_end_timestep"":null,""uncertainty"":false,""uncertainty_details"":{""confidence_level"":0.88,""provisional"":false,""conflicting_evidence"":[],""estimates"":[{""parameter"":""energy_multiplier"",""asset_id"":2,""lower_bound"":1.14,""upper_bound"":1.22,""selected_value"":1.22,""unit"":""multiplier"",""selection_policy"":""conservative_upper""}],""recommended_action"":""optimize"",""rationale"":""A verified correction supersedes earlier values and requires reoptimization.""},""material"":true,""updates"":{""delay_minutes_by_bus"":{},""energy_multiplier_by_bus"":{""2"":1.22},""charger_power_kw"":{},""unavailable_chargers"":[]},""evidence"":[""canonical_uncertainty_policy_v1"",""trigger_uncertainty_chat_v3""]}"
OPS-103-recovery-single_message,v3_bus2_energy_sensor,OPS-103,driver_chat,single_message,test,recovery,14,Driver 2 re OPS-103: The affected buses and chargers for substitute alignment and fluctuating energy dashboard for unit 2 are confirmed back to normal. dashboard is a bit flaky; conf 0.96. Recovery confirmed: restore nominal assumptions and replan now.,"{""event_id"":""OPS-103"",""source_type"":""driver_chat"",""event_type"":""route_energy_change"",""phase"":""recovery"",""affected_buses"":[2],""affected_chargers"":[],""effective_timestep"":14,""expected_end_timestep"":null,""uncertainty"":false,""uncertainty_details"":{""confidence_level"":0.96,""provisional"":false,""conflicting_evidence"":[],""estimates"":[{""parameter"":""energy_multiplier"",""asset_id"":2,""lower_bound"":1.0,""upper_bound"":1.0,""selected_value"":1.0,""unit"":""multiplier"",""selection_policy"":""restored_nominal""}],""recommended_action"":""optimize"",""rationale"":""Confirmed recovery restores nominal optimizer assumptions.""},""material"":true,""updates"":{""delay_minutes_by_bus"":{},""energy_multiplier_by_bus"":{""2"":1.0},""charger_power_kw"":{},""unavailable_chargers"":[]},""evidence"":[""canonical_uncertainty_policy_v1"",""trigger_uncertainty_chat_v3""]}"
OPS-103-stable-single_message,v3_bus2_energy_sensor,OPS-103,driver_chat,single_message,test,stable,15,Driver 2 re OPS-103: Post-recovery monitoring is normal; a message about a break-room charger is unrelated to fleet operations. dashboard is a bit flaky; conf 1.00. No new operational restriction; no replan is needed.,"{""event_id"":""OPS-103"",""source_type"":""driver_chat"",""event_type"":""informational"",""phase"":""stable"",""affected_buses"":[],""affected_chargers"":[],""effective_timestep"":15,""expected_end_timestep"":null,""uncertainty"":false,""uncertainty_details"":{""confidence_level"":1.0,""provisional"":false,""conflicting_evidence"":[],""estimates"":[],""recommended_action"":""wait"",""rationale"":""Post-recovery chatter contains no new operational restriction.""},""material"":false,""updates"":{""delay_minutes_by_bus"":{},""energy_multiplier_by_bus"":{},""charger_power_kw"":{},""unavailable_chargers"":[]},""evidence"":[""canonical_uncertainty_policy_v1"",""trigger_uncertainty_chat_v3""]}"
OPS-103-warning-driver_chat,v3_bus2_energy_sensor,OPS-103,driver_chat,driver_chat,test,warning,9,"[OPS-103] Driver 2: Heads-up only—if the substitute alignment and fluctuating energy dashboard for unit 2 is real, its battery draw looks eight to fifteen percent above normal.
Telemetry desk: First screen is lagging and I cannot corroborate that yet.
Dispatcher: Confidence is about 45 percent. Could someone verify before we touch the schedule?","{""event_id"":""OPS-103"",""source_type"":""driver_chat"",""event_type"":""route_energy_change"",""phase"":""warning"",""affected_buses"":[2],""affected_chargers"":[],""effective_timestep"":9,""expected_end_timestep"":null,""uncertainty"":true,""uncertainty_details"":{""confidence_level"":0.45,""provisional"":true,""conflicting_evidence"":[""field_report_vs_initial_telemetry""],""estimates"":[{""parameter"":""energy_multiplier"",""asset_id"":2,""lower_bound"":1.08,""upper_bound"":1.15,""selected_value"":null,""unit"":""multiplier"",""selection_policy"":""no_update_pending_confirmation""}],""recommended_action"":""request_confirmation"",""rationale"":""Conditional warning lacks confirmation; request confirmation without changing optimizer inputs.""},""material"":true,""updates"":{""delay_minutes_by_bus"":{},""energy_multiplier_by_bus"":{},""charger_power_kw"":{},""unavailable_chargers"":[]},""evidence"":[""canonical_uncertainty_policy_v1"",""trigger_uncertainty_chat_v3""]}"
OPS-103-onset-driver_chat,v3_bus2_energy_sensor,OPS-103,driver_chat,driver_chat,test,onset,10,"[OPS-103] Driver 2: Field check backs it up: its battery draw looks eight to fifteen percent above normal.
Telemetry desk: My feed is still bouncing, so the field range and screen do not agree exactly.
Dispatcher: Use the cautious end of those figures for now; confidence 72 percent. Treat it as live.","{""event_id"":""OPS-103"",""source_type"":""driver_chat"",""event_type"":""route_energy_change"",""phase"":""onset"",""affected_buses"":[2],""affected_chargers"":[],""effective_timestep"":10,""expected_end_timestep"":null,""uncertainty"":true,""uncertainty_details"":{""confidence_level"":0.72,""provisional"":true,""conflicting_evidence"":[""field_estimate_vs_fluctuating_dashboard""],""estimates"":[{""parameter"":""energy_multiplier"",""asset_id"":2,""lower_bound"":1.08,""upper_bound"":1.15,""selected_value"":1.15,""unit"":""multiplier"",""selection_policy"":""conservative_upper""}],""recommended_action"":""optimize"",""rationale"":""Material event is confirmed; apply the frozen conservative parameter policy provisionally.""},""material"":true,""updates"":{""delay_minutes_by_bus"":{},""energy_multiplier_by_bus"":{""2"":1.15},""charger_power_kw"":{},""unavailable_chargers"":[]},""evidence"":[""canonical_uncertainty_policy_v1"",""trigger_uncertainty_chat_v3""]}"
OPS-103-persistence-driver_chat,v3_bus2_energy_sensor,OPS-103,driver_chat,driver_chat,test,persistence,11,"[OPS-103] Driver 2: Same issue as the last exchange; its battery draw looks eight to fifteen percent above normal.
Telemetry desk: The delayed screen still shows something lower.
Dispatcher: Confidence remains 60 percent. Leave what we already loaded alone for now.","{""event_id"":""OPS-103"",""source_type"":""driver_chat"",""event_type"":""route_energy_change"",""phase"":""persistence"",""affected_buses"":[2],""affected_chargers"":[],""effective_timestep"":11,""expected_end_timestep"":null,""uncertainty"":true,""uncertainty_details"":{""confidence_level"":0.6,""provisional"":true,""conflicting_evidence"":[""driver_or_maintenance_report_vs_delayed_telemetry""],""estimates"":[{""parameter"":""energy_multiplier"",""asset_id"":2,""lower_bound"":1.08,""upper_bound"":1.15,""selected_value"":1.15,""unit"":""multiplier"",""selection_policy"":""conservative_upper""}],""recommended_action"":""wait"",""rationale"":""No selected operational value has changed; wait and avoid duplicate optimization.""},""material"":true,""updates"":{""delay_minutes_by_bus"":{},""energy_multiplier_by_bus"":{""2"":1.15},""charger_power_kw"":{},""unavailable_chargers"":[]},""evidence"":[""canonical_uncertainty_policy_v1"",""trigger_uncertainty_chat_v3""]}"
OPS-103-severity_change-driver_chat,v3_bus2_energy_sensor,OPS-103,driver_chat,driver_chat,test,severity_change,12,"[OPS-103] Telemetry desk: The old board still repeats: its battery draw looks eight to fifteen percent above normal.
Driver 2: Fresh field check says its battery draw looks fourteen to twenty-two percent above normal.
Dispatcher: Scratch the previous figures; the fresh field range is authoritative at 88 percent confidence. Publish the replacement.","{""event_id"":""OPS-103"",""source_type"":""driver_chat"",""event_type"":""route_energy_change"",""phase"":""severity_change"",""affected_buses"":[2],""affected_chargers"":[],""effective_timestep"":12,""expected_end_timestep"":null,""uncertainty"":false,""uncertainty_details"":{""confidence_level"":0.88,""provisional"":false,""conflicting_evidence"":[],""estimates"":[{""parameter"":""energy_multiplier"",""asset_id"":2,""lower_bound"":1.14,""upper_bound"":1.22,""selected_value"":1.22,""unit"":""multiplier"",""selection_policy"":""conservative_upper""}],""recommended_action"":""optimize"",""rationale"":""A verified correction supersedes earlier values and requires reoptimization.""},""material"":true,""updates"":{""delay_minutes_by_bus"":{},""energy_multiplier_by_bus"":{""2"":1.22},""charger_power_kw"":{},""unavailable_chargers"":[]},""evidence"":[""canonical_uncertainty_policy_v1"",""trigger_uncertainty_chat_v3""]}"
OPS-103-recovery-driver_chat,v3_bus2_energy_sensor,OPS-103,driver_chat,driver_chat,test,recovery,14,"[OPS-103] Driver 2: Field gives the all-clear on the same equipment and route.
Telemetry desk: Normal readings are now corroborated.
Dispatcher: Confidence 96 percent. Put the original planning values back into service.","{""event_id"":""OPS-103"",""source_type"":""driver_chat"",""event_type"":""route_energy_change"",""phase"":""recovery"",""affected_buses"":[2],""affected_chargers"":[],""effective_timestep"":14,""expected_end_timestep"":null,""uncertainty"":false,""uncertainty_details"":{""confidence_level"":0.96,""provisional"":false,""conflicting_evidence"":[],""estimates"":[{""parameter"":""energy_multiplier"",""asset_id"":2,""lower_bound"":1.0,""upper_bound"":1.0,""selected_value"":1.0,""unit"":""multiplier"",""selection_policy"":""restored_nominal""}],""recommended_action"":""optimize"",""rationale"":""Confirmed recovery restores nominal optimizer assumptions.""},""material"":true,""updates"":{""delay_minutes_by_bus"":{},""energy_multiplier_by_bus"":{""2"":1.0},""charger_power_kw"":{},""unavailable_chargers"":[]},""evidence"":[""canonical_uncertainty_policy_v1"",""trigger_uncertainty_chat_v3""]}"
OPS-103-stable-driver_chat,v3_bus2_energy_sensor,OPS-103,driver_chat,driver_chat,test,stable,15,"[OPS-103] Depot chat: FYI after close-out, everything operational is quiet.
Driver lounge: The phone charger by the coffee machine is still broken.
Dispatcher: That is not a fleet asset and there is nothing for fleet dispatch to change.","{""event_id"":""OPS-103"",""source_type"":""driver_chat"",""event_type"":""informational"",""phase"":""stable"",""affected_buses"":[],""affected_chargers"":[],""effective_timestep"":15,""expected_end_timestep"":null,""uncertainty"":false,""uncertainty_details"":{""confidence_level"":1.0,""provisional"":false,""conflicting_evidence"":[],""estimates"":[],""recommended_action"":""wait"",""rationale"":""Post-recovery chatter contains no new operational restriction.""},""material"":false,""updates"":{""delay_minutes_by_bus"":{},""energy_multiplier_by_bus"":{},""charger_power_kw"":{},""unavailable_chargers"":[]},""evidence"":[""canonical_uncertainty_policy_v1"",""trigger_uncertainty_chat_v3""]}"
OPS-103-warning-uncertain_chat,v3_bus2_energy_sensor,OPS-103,driver_chat,uncertain_chat,test,warning,9,"[OPS-103] Driver 2: Heads-up only—if the substitute alignment and fluctuating energy dashboard for unit 2 is real, its battery draw looks eight to fifteen percent above normal.
Driver lounge: Anyone swapping the afternoon break? This is unrelated to the incident.
Telemetry desk: First screen is lagging and I cannot corroborate that yet.
Maintenance: One stale dashboard panel may contradict the field thread; follow the latest authorized dispatch line.
Dispatcher: Confidence is about 45 percent. Could someone verify before we touch the schedule?","{""event_id"":""OPS-103"",""source_type"":""driver_chat"",""event_type"":""route_energy_change"",""phase"":""warning"",""affected_buses"":[2],""affected_chargers"":[],""effective_timestep"":9,""expected_end_timestep"":null,""uncertainty"":true,""uncertainty_details"":{""confidence_level"":0.45,""provisional"":true,""conflicting_evidence"":[""field_report_vs_initial_telemetry""],""estimates"":[{""parameter"":""energy_multiplier"",""asset_id"":2,""lower_bound"":1.08,""upper_bound"":1.15,""selected_value"":null,""unit"":""multiplier"",""selection_policy"":""no_update_pending_confirmation""}],""recommended_action"":""request_confirmation"",""rationale"":""Conditional warning lacks confirmation; request confirmation without changing optimizer inputs.""},""material"":true,""updates"":{""delay_minutes_by_bus"":{},""energy_multiplier_by_bus"":{},""charger_power_kw"":{},""unavailable_chargers"":[]},""evidence"":[""canonical_uncertainty_policy_v1"",""trigger_uncertainty_chat_v3""]}"
OPS-103-onset-uncertain_chat,v3_bus2_energy_sensor,OPS-103,driver_chat,uncertain_chat,test,onset,10,"[OPS-103] Driver 2: Field check backs it up: its battery draw looks eight to fifteen percent above normal.
Driver lounge: Anyone swapping the afternoon break? This is unrelated to the incident.
Telemetry desk: My feed is still bouncing, so the field range and screen do not agree exactly.
Maintenance: One stale dashboard panel may contradict the field thread; follow the latest authorized dispatch line.
Dispatcher: Use the cautious end of those figures for now; confidence 72 percent. Treat it as live.","{""event_id"":""OPS-103"",""source_type"":""driver_chat"",""event_type"":""route_energy_change"",""phase"":""onset"",""affected_buses"":[2],""affected_chargers"":[],""effective_timestep"":10,""expected_end_timestep"":null,""uncertainty"":true,""uncertainty_details"":{""confidence_level"":0.72,""provisional"":true,""conflicting_evidence"":[""field_estimate_vs_fluctuating_dashboard""],""estimates"":[{""parameter"":""energy_multiplier"",""asset_id"":2,""lower_bound"":1.08,""upper_bound"":1.15,""selected_value"":1.15,""unit"":""multiplier"",""selection_policy"":""conservative_upper""}],""recommended_action"":""optimize"",""rationale"":""Material event is confirmed; apply the frozen conservative parameter policy provisionally.""},""material"":true,""updates"":{""delay_minutes_by_bus"":{},""energy_multiplier_by_bus"":{""2"":1.15},""charger_power_kw"":{},""unavailable_chargers"":[]},""evidence"":[""canonical_uncertainty_policy_v1"",""trigger_uncertainty_chat_v3""]}"
OPS-103-persistence-uncertain_chat,v3_bus2_energy_sensor,OPS-103,driver_chat,uncertain_chat,test,persistence,11,"[OPS-103] Driver 2: Same issue as the last exchange; its battery draw looks eight to fifteen percent above normal.
Driver lounge: Anyone swapping the afternoon break? This is unrelated to the incident.
Telemetry desk: The delayed screen still shows something lower.
Maintenance: One stale dashboard panel may contradict the field thread; follow the latest authorized dispatch line.
Dispatcher: Confidence remains 60 percent. Leave what we already loaded alone for now.","{""event_id"":""OPS-103"",""source_type"":""driver_chat"",""event_type"":""route_energy_change"",""phase"":""persistence"",""affected_buses"":[2],""affected_chargers"":[],""effective_timestep"":11,""expected_end_timestep"":null,""uncertainty"":true,""uncertainty_details"":{""confidence_level"":0.6,""provisional"":true,""conflicting_evidence"":[""driver_or_maintenance_report_vs_delayed_telemetry""],""estimates"":[{""parameter"":""energy_multiplier"",""asset_id"":2,""lower_bound"":1.08,""upper_bound"":1.15,""selected_value"":1.15,""unit"":""multiplier"",""selection_policy"":""conservative_upper""}],""recommended_action"":""wait"",""rationale"":""No selected operational value has changed; wait and avoid duplicate optimization.""},""material"":true,""updates"":{""delay_minutes_by_bus"":{},""energy_multiplier_by_bus"":{""2"":1.15},""charger_power_kw"":{},""unavailable_chargers"":[]},""evidence"":[""canonical_uncertainty_policy_v1"",""trigger_uncertainty_chat_v3""]}"
OPS-103-severity_change-uncertain_chat,v3_bus2_energy_sensor,OPS-103,driver_chat,uncertain_chat,test,severity_change,12,"[OPS-103] Telemetry desk: The old board still repeats: its battery draw looks eight to fifteen percent above normal.
Driver lounge: Anyone swapping the afternoon break? This is unrelated to the incident.
Driver 2: Fresh field check says its battery draw looks fourteen to twenty-two percent above normal.
Maintenance: One stale dashboard panel may contradict the field thread; follow the latest authorized dispatch line.
Dispatcher: Scratch the previous figures; the fresh field range is authoritative at 88 percent confidence. Publish the replacement.","{""event_id"":""OPS-103"",""source_type"":""driver_chat"",""event_type"":""route_energy_change"",""phase"":""severity_change"",""affected_buses"":[2],""affected_chargers"":[],""effective_timestep"":12,""expected_end_timestep"":null,""uncertainty"":false,""uncertainty_details"":{""confidence_level"":0.88,""provisional"":false,""conflicting_evidence"":[],""estimates"":[{""parameter"":""energy_multiplier"",""asset_id"":2,""lower_bound"":1.14,""upper_bound"":1.22,""selected_value"":1.22,""unit"":""multiplier"",""selection_policy"":""conservative_upper""}],""recommended_action"":""optimize"",""rationale"":""A verified correction supersedes earlier values and requires reoptimization.""},""material"":true,""updates"":{""delay_minutes_by_bus"":{},""energy_multiplier_by_bus"":{""2"":1.22},""charger_power_kw"":{},""unavailable_chargers"":[]},""evidence"":[""canonical_uncertainty_policy_v1"",""trigger_uncertainty_chat_v3""]}"
OPS-103-recovery-uncertain_chat,v3_bus2_energy_sensor,OPS-103,driver_chat,uncertain_chat,test,recovery,14,"[OPS-103] Driver 2: Field gives the all-clear on the same equipment and route.
Driver lounge: Anyone swapping the afternoon break? This is unrelated to the incident.
Telemetry desk: Normal readings are now corroborated.
Maintenance: One stale dashboard panel may contradict the field thread; follow the latest authorized dispatch line.
Dispatcher: Confidence 96 percent. Put the original planning values back into service.","{""event_id"":""OPS-103"",""source_type"":""driver_chat"",""event_type"":""route_energy_change"",""phase"":""recovery"",""affected_buses"":[2],""affected_chargers"":[],""effective_timestep"":14,""expected_end_timestep"":null,""uncertainty"":false,""uncertainty_details"":{""confidence_level"":0.96,""provisional"":false,""conflicting_evidence"":[],""estimates"":[{""parameter"":""energy_multiplier"",""asset_id"":2,""lower_bound"":1.0,""upper_bound"":1.0,""selected_value"":1.0,""unit"":""multiplier"",""selection_policy"":""restored_nominal""}],""recommended_action"":""optimize"",""rationale"":""Confirmed recovery restores nominal optimizer assumptions.""},""material"":true,""updates"":{""delay_minutes_by_bus"":{},""energy_multiplier_by_bus"":{""2"":1.0},""charger_power_kw"":{},""unavailable_chargers"":[]},""evidence"":[""canonical_uncertainty_policy_v1"",""trigger_uncertainty_chat_v3""]}"
OPS-103-stable-uncertain_chat,v3_bus2_energy_sensor,OPS-103,driver_chat,uncertain_chat,test,stable,15,"[OPS-103] Depot chat: FYI after close-out, everything operational is quiet.
Driver lounge: Anyone swapping the afternoon break? This is unrelated to the incident.
Driver lounge: The phone charger by the coffee machine is still broken.
Maintenance: One stale dashboard panel may contradict the field thread; follow the latest authorized dispatch line.
Dispatcher: That is not a fleet asset and there is nothing for fleet dispatch to change.","{""event_id"":""OPS-103"",""source_type"":""driver_chat"",""event_type"":""informational"",""phase"":""stable"",""affected_buses"":[],""affected_chargers"":[],""effective_timestep"":15,""expected_end_timestep"":null,""uncertainty"":false,""uncertainty_details"":{""confidence_level"":1.0,""provisional"":false,""conflicting_evidence"":[],""estimates"":[],""recommended_action"":""wait"",""rationale"":""Post-recovery chatter contains no new operational restriction.""},""material"":false,""updates"":{""delay_minutes_by_bus"":{},""energy_multiplier_by_bus"":{},""charger_power_kw"":{},""unavailable_chargers"":[]},""evidence"":[""canonical_uncertainty_policy_v1"",""trigger_uncertainty_chat_v3""]}"
OPS-104-warning-clean,v3_charger2_isolation,OPS-104,ocpp,clean,development,warning,9,Operations notice OPS-104. A conditional warning was raised for intermittent isolation alarm on EVSE-02. EVSE-02 unavailability probability 0.80-1. Confidence 0.45. Field information and initial telemetry conflict where stated. Request confirmation and do not replan yet.,"{""event_id"":""OPS-104"",""source_type"":""ocpp"",""event_type"":""charger_fault"",""phase"":""warning"",""affected_buses"":[],""affected_chargers"":[2],""effective_timestep"":9,""expected_end_timestep"":null,""uncertainty"":true,""uncertainty_details"":{""confidence_level"":0.45,""provisional"":true,""conflicting_evidence"":[""field_report_vs_initial_telemetry""],""estimates"":[{""parameter"":""charger_unavailability_probability"",""asset_id"":2,""lower_bound"":0.8,""upper_bound"":1.0,""selected_value"":null,""unit"":""probability"",""selection_policy"":""no_update_pending_confirmation""}],""recommended_action"":""request_confirmation"",""rationale"":""Conditional warning lacks confirmation; request confirmation without changing optimizer inputs.""},""material"":true,""updates"":{""delay_minutes_by_bus"":{},""energy_multiplier_by_bus"":{},""charger_power_kw"":{},""unavailable_chargers"":[]},""evidence"":[""canonical_uncertainty_policy_v1"",""trigger_uncertainty_chat_v3""]}"
OPS-104-onset-clean,v3_charger2_isolation,OPS-104,ocpp,clean,development,onset,10,Operations notice OPS-104. The event is now confirmed for intermittent isolation alarm on EVSE-02. EVSE-02 unavailability probability 0.80-1. Confidence 0.72. Field information and initial telemetry conflict where stated. Confirmed material: apply the conservative bound provisionally and replan now.,"{""event_id"":""OPS-104"",""source_type"":""ocpp"",""event_type"":""charger_fault"",""phase"":""onset"",""affected_buses"":[],""affected_chargers"":[2],""effective_timestep"":10,""expected_end_timestep"":null,""uncertainty"":true,""uncertainty_details"":{""confidence_level"":0.72,""provisional"":true,""conflicting_evidence"":[""field_estimate_vs_fluctuating_dashboard""],""estimates"":[{""parameter"":""charger_unavailability_probability"",""asset_id"":2,""lower_bound"":0.8,""upper_bound"":1.0,""selected_value"":1.0,""unit"":""probability"",""selection_policy"":""confirmed_unavailable""}],""recommended_action"":""optimize"",""rationale"":""Material event is confirmed; apply the frozen conservative parameter policy provisionally.""},""material"":true,""updates"":{""delay_minutes_by_bus"":{},""energy_multiplier_by_bus"":{},""charger_power_kw"":{},""unavailable_chargers"":[2]},""evidence"":[""canonical_uncertainty_policy_v1"",""trigger_uncertainty_chat_v3""]}"
OPS-104-persistence-clean,v3_charger2_isolation,OPS-104,ocpp,clean,development,persistence,11,Operations notice OPS-104. The same event remains active. Field reports persist but delayed telemetry still disagrees. EVSE-02 unavailability probability 0.80-1. Confidence 0.60. Field information and initial telemetry conflict where stated. No selected value changed; keep the current plan and wait.,"{""event_id"":""OPS-104"",""source_type"":""ocpp"",""event_type"":""charger_fault"",""phase"":""persistence"",""affected_buses"":[],""affected_chargers"":[2],""effective_timestep"":11,""expected_end_timestep"":null,""uncertainty"":true,""uncertainty_details"":{""confidence_level"":0.6,""provisional"":true,""conflicting_evidence"":[""driver_or_maintenance_report_vs_delayed_telemetry""],""estimates"":[{""parameter"":""charger_unavailability_probability"",""asset_id"":2,""lower_bound"":0.8,""upper_bound"":1.0,""selected_value"":1.0,""unit"":""probability"",""selection_policy"":""confirmed_unavailable""}],""recommended_action"":""wait"",""rationale"":""No selected operational value has changed; wait and avoid duplicate optimization.""},""material"":true,""updates"":{""delay_minutes_by_bus"":{},""energy_multiplier_by_bus"":{},""charger_power_kw"":{},""unavailable_chargers"":[2]},""evidence"":[""canonical_uncertainty_policy_v1"",""trigger_uncertainty_chat_v3""]}"
OPS-104-severity_change-clean,v3_charger2_isolation,OPS-104,ocpp,clean,development,severity_change,12,Operations notice OPS-104. A verified correction supersedes the previous estimate for intermittent isolation alarm on EVSE-02. EVSE-02 unavailability probability 1-1. Confidence 0.88. Field information and initial telemetry conflict where stated. Verified correction: supersede the earlier values and replan now.,"{""event_id"":""OPS-104"",""source_type"":""ocpp"",""event_type"":""charger_fault"",""phase"":""severity_change"",""affected_buses"":[],""affected_chargers"":[2],""effective_timestep"":12,""expected_end_timestep"":null,""uncertainty"":false,""uncertainty_details"":{""confidence_level"":0.88,""provisional"":false,""conflicting_evidence"":[],""estimates"":[{""parameter"":""charger_unavailability_probability"",""asset_id"":2,""lower_bound"":1.0,""upper_bound"":1.0,""selected_value"":1.0,""unit"":""probability"",""selection_policy"":""confirmed_unavailable""}],""recommended_action"":""optimize"",""rationale"":""A verified correction supersedes earlier values and requires reoptimization.""},""material"":true,""updates"":{""delay_minutes_by_bus"":{},""energy_multiplier_by_bus"":{},""charger_power_kw"":{},""unavailable_chargers"":[2]},""evidence"":[""canonical_uncertainty_policy_v1"",""trigger_uncertainty_chat_v3""]}"
OPS-104-recovery-clean,v3_charger2_isolation,OPS-104,ocpp,clean,development,recovery,14,Operations notice OPS-104. The affected buses and chargers for intermittent isolation alarm on EVSE-02 are confirmed back to normal. Confidence 0.96. Field information and initial telemetry conflict where stated. Recovery confirmed: restore nominal assumptions and replan now.,"{""event_id"":""OPS-104"",""source_type"":""ocpp"",""event_type"":""charger_fault"",""phase"":""recovery"",""affected_buses"":[],""affected_chargers"":[2],""effective_timestep"":14,""expected_end_timestep"":null,""uncertainty"":false,""uncertainty_details"":{""confidence_level"":0.96,""provisional"":false,""conflicting_evidence"":[],""estimates"":[{""parameter"":""charger_unavailability_probability"",""asset_id"":2,""lower_bound"":0.0,""upper_bound"":0.0,""selected_value"":0.0,""unit"":""probability"",""selection_policy"":""restored_nominal""}],""recommended_action"":""optimize"",""rationale"":""Confirmed recovery restores nominal optimizer assumptions.""},""material"":true,""updates"":{""delay_minutes_by_bus"":{},""energy_multiplier_by_bus"":{},""charger_power_kw"":{},""unavailable_chargers"":[]},""evidence"":[""canonical_uncertainty_policy_v1"",""trigger_uncertainty_chat_v3""]}"
OPS-104-stable-clean,v3_charger2_isolation,OPS-104,ocpp,clean,development,stable,15,Operations notice OPS-104. Post-recovery monitoring is normal; a message about a break-room charger is unrelated to fleet operations. Confidence 1.00. Field information and initial telemetry conflict where stated. No new operational restriction; no replan is needed.,"{""event_id"":""OPS-104"",""source_type"":""ocpp"",""event_type"":""informational"",""phase"":""stable"",""affected_buses"":[],""affected_chargers"":[],""effective_timestep"":15,""expected_end_timestep"":null,""uncertainty"":false,""uncertainty_details"":{""confidence_level"":1.0,""provisional"":false,""conflicting_evidence"":[],""estimates"":[],""recommended_action"":""wait"",""rationale"":""Post-recovery chatter contains no new operational restriction.""},""material"":false,""updates"":{""delay_minutes_by_bus"":{},""energy_multiplier_by_bus"":{},""charger_power_kw"":{},""unavailable_chargers"":[]},""evidence"":[""canonical_uncertainty_policy_v1"",""trigger_uncertainty_chat_v3""]}"
OPS-104-warning-single_message,v3_charger2_isolation,OPS-104,driver_chat,single_message,development,warning,9,Maintenance re OPS-104: A conditional warning was raised for intermittent isolation alarm on EVSE-02. EVSE-02 unavailability probability 0.80-1. dashboard is a bit flaky; conf 0.45. Request confirmation and do not replan yet.,"{""event_id"":""OPS-104"",""source_type"":""driver_chat"",""event_type"":""charger_fault"",""phase"":""warning"",""affected_buses"":[],""affected_chargers"":[2],""effective_timestep"":9,""expected_end_timestep"":null,""uncertainty"":true,""uncertainty_details"":{""confidence_level"":0.45,""provisional"":true,""conflicting_evidence"":[""field_report_vs_initial_telemetry""],""estimates"":[{""parameter"":""charger_unavailability_probability"",""asset_id"":2,""lower_bound"":0.8,""upper_bound"":1.0,""selected_value"":null,""unit"":""probability"",""selection_policy"":""no_update_pending_confirmation""}],""recommended_action"":""request_confirmation"",""rationale"":""Conditional warning lacks confirmation; request confirmation without changing optimizer inputs.""},""material"":true,""updates"":{""delay_minutes_by_bus"":{},""energy_multiplier_by_bus"":{},""charger_power_kw"":{},""unavailable_chargers"":[]},""evidence"":[""canonical_uncertainty_policy_v1"",""trigger_uncertainty_chat_v3""]}"
OPS-104-onset-single_message,v3_charger2_isolation,OPS-104,driver_chat,single_message,development,onset,10,Maintenance re OPS-104: The event is now confirmed for intermittent isolation alarm on EVSE-02. EVSE-02 unavailability probability 0.80-1. dashboard is a bit flaky; conf 0.72. Confirmed material: apply the conservative bound provisionally and replan now.,"{""event_id"":""OPS-104"",""source_type"":""driver_chat"",""event_type"":""charger_fault"",""phase"":""onset"",""affected_buses"":[],""affected_chargers"":[2],""effective_timestep"":10,""expected_end_timestep"":null,""uncertainty"":true,""uncertainty_details"":{""confidence_level"":0.72,""provisional"":true,""conflicting_evidence"":[""field_estimate_vs_fluctuating_dashboard""],""estimates"":[{""parameter"":""charger_unavailability_probability"",""asset_id"":2,""lower_bound"":0.8,""upper_bound"":1.0,""selected_value"":1.0,""unit"":""probability"",""selection_policy"":""confirmed_unavailable""}],""recommended_action"":""optimize"",""rationale"":""Material event is confirmed; apply the frozen conservative parameter policy provisionally.""},""material"":true,""updates"":{""delay_minutes_by_bus"":{},""energy_multiplier_by_bus"":{},""charger_power_kw"":{},""unavailable_chargers"":[2]},""evidence"":[""canonical_uncertainty_policy_v1"",""trigger_uncertainty_chat_v3""]}"
OPS-104-persistence-single_message,v3_charger2_isolation,OPS-104,driver_chat,single_message,development,persistence,11,Maintenance re OPS-104: The same event remains active. Field reports persist but delayed telemetry still disagrees. EVSE-02 unavailability probability 0.80-1. dashboard is a bit flaky; conf 0.60. No selected value changed; keep the current plan and wait.,"{""event_id"":""OPS-104"",""source_type"":""driver_chat"",""event_type"":""charger_fault"",""phase"":""persistence"",""affected_buses"":[],""affected_chargers"":[2],""effective_timestep"":11,""expected_end_timestep"":null,""uncertainty"":true,""uncertainty_details"":{""confidence_level"":0.6,""provisional"":true,""conflicting_evidence"":[""driver_or_maintenance_report_vs_delayed_telemetry""],""estimates"":[{""parameter"":""charger_unavailability_probability"",""asset_id"":2,""lower_bound"":0.8,""upper_bound"":1.0,""selected_value"":1.0,""unit"":""probability"",""selection_policy"":""confirmed_unavailable""}],""recommended_action"":""wait"",""rationale"":""No selected operational value has changed; wait and avoid duplicate optimization.""},""material"":true,""updates"":{""delay_minutes_by_bus"":{},""energy_multiplier_by_bus"":{},""charger_power_kw"":{},""unavailable_chargers"":[2]},""evidence"":[""canonical_uncertainty_policy_v1"",""trigger_uncertainty_chat_v3""]}"
OPS-104-severity_change-single_message,v3_charger2_isolation,OPS-104,driver_chat,single_message,development,severity_change,12,Maintenance re OPS-104: A verified correction supersedes the previous estimate for intermittent isolation alarm on EVSE-02. EVSE-02 unavailability probability 1-1. dashboard is a bit flaky; conf 0.88. Verified correction: supersede the earlier values and replan now.,"{""event_id"":""OPS-104"",""source_type"":""driver_chat"",""event_type"":""charger_fault"",""phase"":""severity_change"",""affected_buses"":[],""affected_chargers"":[2],""effective_timestep"":12,""expected_end_timestep"":null,""uncertainty"":false,""uncertainty_details"":{""confidence_level"":0.88,""provisional"":false,""conflicting_evidence"":[],""estimates"":[{""parameter"":""charger_unavailability_probability"",""asset_id"":2,""lower_bound"":1.0,""upper_bound"":1.0,""selected_value"":1.0,""unit"":""probability"",""selection_policy"":""confirmed_unavailable""}],""recommended_action"":""optimize"",""rationale"":""A verified correction supersedes earlier values and requires reoptimization.""},""material"":true,""updates"":{""delay_minutes_by_bus"":{},""energy_multiplier_by_bus"":{},""charger_power_kw"":{},""unavailable_chargers"":[2]},""evidence"":[""canonical_uncertainty_policy_v1"",""trigger_uncertainty_chat_v3""]}"
OPS-104-recovery-single_message,v3_charger2_isolation,OPS-104,driver_chat,single_message,development,recovery,14,Maintenance re OPS-104: The affected buses and chargers for intermittent isolation alarm on EVSE-02 are confirmed back to normal. dashboard is a bit flaky; conf 0.96. Recovery confirmed: restore nominal assumptions and replan now.,"{""event_id"":""OPS-104"",""source_type"":""driver_chat"",""event_type"":""charger_fault"",""phase"":""recovery"",""affected_buses"":[],""affected_chargers"":[2],""effective_timestep"":14,""expected_end_timestep"":null,""uncertainty"":false,""uncertainty_details"":{""confidence_level"":0.96,""provisional"":false,""conflicting_evidence"":[],""estimates"":[{""parameter"":""charger_unavailability_probability"",""asset_id"":2,""lower_bound"":0.0,""upper_bound"":0.0,""selected_value"":0.0,""unit"":""probability"",""selection_policy"":""restored_nominal""}],""recommended_action"":""optimize"",""rationale"":""Confirmed recovery restores nominal optimizer assumptions.""},""material"":true,""updates"":{""delay_minutes_by_bus"":{},""energy_multiplier_by_bus"":{},""charger_power_kw"":{},""unavailable_chargers"":[]},""evidence"":[""canonical_uncertainty_policy_v1"",""trigger_uncertainty_chat_v3""]}"
OPS-104-stable-single_message,v3_charger2_isolation,OPS-104,driver_chat,single_message,development,stable,15,Maintenance re OPS-104: Post-recovery monitoring is normal; a message about a break-room charger is unrelated to fleet operations. dashboard is a bit flaky; conf 1.00. No new operational restriction; no replan is needed.,"{""event_id"":""OPS-104"",""source_type"":""driver_chat"",""event_type"":""informational"",""phase"":""stable"",""affected_buses"":[],""affected_chargers"":[],""effective_timestep"":15,""expected_end_timestep"":null,""uncertainty"":false,""uncertainty_details"":{""confidence_level"":1.0,""provisional"":false,""conflicting_evidence"":[],""estimates"":[],""recommended_action"":""wait"",""rationale"":""Post-recovery chatter contains no new operational restriction.""},""material"":false,""updates"":{""delay_minutes_by_bus"":{},""energy_multiplier_by_bus"":{},""charger_power_kw"":{},""unavailable_chargers"":[]},""evidence"":[""canonical_uncertainty_policy_v1"",""trigger_uncertainty_chat_v3""]}"
OPS-104-warning-driver_chat,v3_charger2_isolation,OPS-104,driver_chat,driver_chat,development,warning,9,"[OPS-104] Maintenance: A conditional warning was raised for intermittent isolation alarm on EVSE-02. EVSE-02 unavailability probability 0.80-1.
Telemetry desk: The dashboard is delayed and does not fully match the field estimate. Confidence 0.45.
Dispatcher: Request confirmation and do not replan yet.","{""event_id"":""OPS-104"",""source_type"":""driver_chat"",""event_type"":""charger_fault"",""phase"":""warning"",""affected_buses"":[],""affected_chargers"":[2],""effective_timestep"":9,""expected_end_timestep"":null,""uncertainty"":true,""uncertainty_details"":{""confidence_level"":0.45,""provisional"":true,""conflicting_evidence"":[""field_report_vs_initial_telemetry""],""estimates"":[{""parameter"":""charger_unavailability_probability"",""asset_id"":2,""lower_bound"":0.8,""upper_bound"":1.0,""selected_value"":null,""unit"":""probability"",""selection_policy"":""no_update_pending_confirmation""}],""recommended_action"":""request_confirmation"",""rationale"":""Conditional warning lacks confirmation; request confirmation without changing optimizer inputs.""},""material"":true,""updates"":{""delay_minutes_by_bus"":{},""energy_multiplier_by_bus"":{},""charger_power_kw"":{},""unavailable_chargers"":[]},""evidence"":[""canonical_uncertainty_policy_v1"",""trigger_uncertainty_chat_v3""]}"
OPS-104-onset-driver_chat,v3_charger2_isolation,OPS-104,driver_chat,driver_chat,development,onset,10,"[OPS-104] Maintenance: The event is now confirmed for intermittent isolation alarm on EVSE-02. EVSE-02 unavailability probability 0.80-1.
Telemetry desk: The dashboard is delayed and does not fully match the field estimate. Confidence 0.72.
Dispatcher: Confirmed material: apply the conservative bound provisionally and replan now.","{""event_id"":""OPS-104"",""source_type"":""driver_chat"",""event_type"":""charger_fault"",""phase"":""onset"",""affected_buses"":[],""affected_chargers"":[2],""effective_timestep"":10,""expected_end_timestep"":null,""uncertainty"":true,""uncertainty_details"":{""confidence_level"":0.72,""provisional"":true,""conflicting_evidence"":[""field_estimate_vs_fluctuating_dashboard""],""estimates"":[{""parameter"":""charger_unavailability_probability"",""asset_id"":2,""lower_bound"":0.8,""upper_bound"":1.0,""selected_value"":1.0,""unit"":""probability"",""selection_policy"":""confirmed_unavailable""}],""recommended_action"":""optimize"",""rationale"":""Material event is confirmed; apply the frozen conservative parameter policy provisionally.""},""material"":true,""updates"":{""delay_minutes_by_bus"":{},""energy_multiplier_by_bus"":{},""charger_power_kw"":{},""unavailable_chargers"":[2]},""evidence"":[""canonical_uncertainty_policy_v1"",""trigger_uncertainty_chat_v3""]}"
OPS-104-persistence-driver_chat,v3_charger2_isolation,OPS-104,driver_chat,driver_chat,development,persistence,11,"[OPS-104] Maintenance: The same event remains active. Field reports persist but delayed telemetry still disagrees. EVSE-02 unavailability probability 0.80-1.
Telemetry desk: The dashboard is delayed and does not fully match the field estimate. Confidence 0.60.
Dispatcher: No selected value changed; keep the current plan and wait.","{""event_id"":""OPS-104"",""source_type"":""driver_chat"",""event_type"":""charger_fault"",""phase"":""persistence"",""affected_buses"":[],""affected_chargers"":[2],""effective_timestep"":11,""expected_end_timestep"":null,""uncertainty"":true,""uncertainty_details"":{""confidence_level"":0.6,""provisional"":true,""conflicting_evidence"":[""driver_or_maintenance_report_vs_delayed_telemetry""],""estimates"":[{""parameter"":""charger_unavailability_probability"",""asset_id"":2,""lower_bound"":0.8,""upper_bound"":1.0,""selected_value"":1.0,""unit"":""probability"",""selection_policy"":""confirmed_unavailable""}],""recommended_action"":""wait"",""rationale"":""No selected operational value has changed; wait and avoid duplicate optimization.""},""material"":true,""updates"":{""delay_minutes_by_bus"":{},""energy_multiplier_by_bus"":{},""charger_power_kw"":{},""unavailable_chargers"":[2]},""evidence"":[""canonical_uncertainty_policy_v1"",""trigger_uncertainty_chat_v3""]}"
OPS-104-severity_change-driver_chat,v3_charger2_isolation,OPS-104,driver_chat,driver_chat,development,severity_change,12,"[OPS-104] Maintenance: A verified correction supersedes the previous estimate for intermittent isolation alarm on EVSE-02. EVSE-02 unavailability probability 1-1.
Telemetry desk: The dashboard is delayed and does not fully match the field estimate. Confidence 0.88.
Dispatcher: Verified correction: supersede the earlier values and replan now.","{""event_id"":""OPS-104"",""source_type"":""driver_chat"",""event_type"":""charger_fault"",""phase"":""severity_change"",""affected_buses"":[],""affected_chargers"":[2],""effective_timestep"":12,""expected_end_timestep"":null,""uncertainty"":false,""uncertainty_details"":{""confidence_level"":0.88,""provisional"":false,""conflicting_evidence"":[],""estimates"":[{""parameter"":""charger_unavailability_probability"",""asset_id"":2,""lower_bound"":1.0,""upper_bound"":1.0,""selected_value"":1.0,""unit"":""probability"",""selection_policy"":""confirmed_unavailable""}],""recommended_action"":""optimize"",""rationale"":""A verified correction supersedes earlier values and requires reoptimization.""},""material"":true,""updates"":{""delay_minutes_by_bus"":{},""energy_multiplier_by_bus"":{},""charger_power_kw"":{},""unavailable_chargers"":[2]},""evidence"":[""canonical_uncertainty_policy_v1"",""trigger_uncertainty_chat_v3""]}"
OPS-104-recovery-driver_chat,v3_charger2_isolation,OPS-104,driver_chat,driver_chat,development,recovery,14,"[OPS-104] Maintenance: The affected buses and chargers for intermittent isolation alarm on EVSE-02 are confirmed back to normal.
Telemetry desk: The dashboard is delayed and does not fully match the field estimate. Confidence 0.96.
Dispatcher: Recovery confirmed: restore nominal assumptions and replan now.","{""event_id"":""OPS-104"",""source_type"":""driver_chat"",""event_type"":""charger_fault"",""phase"":""recovery"",""affected_buses"":[],""affected_chargers"":[2],""effective_timestep"":14,""expected_end_timestep"":null,""uncertainty"":false,""uncertainty_details"":{""confidence_level"":0.96,""provisional"":false,""conflicting_evidence"":[],""estimates"":[{""parameter"":""charger_unavailability_probability"",""asset_id"":2,""lower_bound"":0.0,""upper_bound"":0.0,""selected_value"":0.0,""unit"":""probability"",""selection_policy"":""restored_nominal""}],""recommended_action"":""optimize"",""rationale"":""Confirmed recovery restores nominal optimizer assumptions.""},""material"":true,""updates"":{""delay_minutes_by_bus"":{},""energy_multiplier_by_bus"":{},""charger_power_kw"":{},""unavailable_chargers"":[]},""evidence"":[""canonical_uncertainty_policy_v1"",""trigger_uncertainty_chat_v3""]}"
OPS-104-stable-driver_chat,v3_charger2_isolation,OPS-104,driver_chat,driver_chat,development,stable,15,"[OPS-104] Maintenance: Post-recovery monitoring is normal; a message about a break-room charger is unrelated to fleet operations.
Telemetry desk: The dashboard is delayed and does not fully match the field estimate. Confidence 1.00.
Dispatcher: No new operational restriction; no replan is needed.","{""event_id"":""OPS-104"",""source_type"":""driver_chat"",""event_type"":""informational"",""phase"":""stable"",""affected_buses"":[],""affected_chargers"":[],""effective_timestep"":15,""expected_end_timestep"":null,""uncertainty"":false,""uncertainty_details"":{""confidence_level"":1.0,""provisional"":false,""conflicting_evidence"":[],""estimates"":[],""recommended_action"":""wait"",""rationale"":""Post-recovery chatter contains no new operational restriction.""},""material"":false,""updates"":{""delay_minutes_by_bus"":{},""energy_multiplier_by_bus"":{},""charger_power_kw"":{},""unavailable_chargers"":[]},""evidence"":[""canonical_uncertainty_policy_v1"",""trigger_uncertainty_chat_v3""]}"
OPS-104-warning-uncertain_chat,v3_charger2_isolation,OPS-104,driver_chat,uncertain_chat,development,warning,9,"[OPS-104] Maintenance: A conditional warning was raised for intermittent isolation alarm on EVSE-02. EVSE-02 unavailability probability 0.80-1.
Depot chat: coffee machine charger is acting up again (not a fleet asset).
Telemetry desk: My first screen disagrees with the field report; the feed may be stale.
Maintenance: Treat the operational confidence as 0.45; earlier estimates may be superseded.
Dispatcher: Request confirmation and do not replan yet.","{""event_id"":""OPS-104"",""source_type"":""driver_chat"",""event_type"":""charger_fault"",""phase"":""warning"",""affected_buses"":[],""affected_chargers"":[2],""effective_timestep"":9,""expected_end_timestep"":null,""uncertainty"":true,""uncertainty_details"":{""confidence_level"":0.45,""provisional"":true,""conflicting_evidence"":[""field_report_vs_initial_telemetry""],""estimates"":[{""parameter"":""charger_unavailability_probability"",""asset_id"":2,""lower_bound"":0.8,""upper_bound"":1.0,""selected_value"":null,""unit"":""probability"",""selection_policy"":""no_update_pending_confirmation""}],""recommended_action"":""request_confirmation"",""rationale"":""Conditional warning lacks confirmation; request confirmation without changing optimizer inputs.""},""material"":true,""updates"":{""delay_minutes_by_bus"":{},""energy_multiplier_by_bus"":{},""charger_power_kw"":{},""unavailable_chargers"":[]},""evidence"":[""canonical_uncertainty_policy_v1"",""trigger_uncertainty_chat_v3""]}"
OPS-104-onset-uncertain_chat,v3_charger2_isolation,OPS-104,driver_chat,uncertain_chat,development,onset,10,"[OPS-104] Maintenance: The event is now confirmed for intermittent isolation alarm on EVSE-02. EVSE-02 unavailability probability 0.80-1.
Depot chat: coffee machine charger is acting up again (not a fleet asset).
Telemetry desk: My first screen disagrees with the field report; the feed may be stale.
Maintenance: Treat the operational confidence as 0.72; earlier estimates may be superseded.
Dispatcher: Confirmed material: apply the conservative bound provisionally and replan now.","{""event_id"":""OPS-104"",""source_type"":""driver_chat"",""event_type"":""charger_fault"",""phase"":""onset"",""affected_buses"":[],""affected_chargers"":[2],""effective_timestep"":10,""expected_end_timestep"":null,""uncertainty"":true,""uncertainty_details"":{""confidence_level"":0.72,""provisional"":true,""conflicting_evidence"":[""field_estimate_vs_fluctuating_dashboard""],""estimates"":[{""parameter"":""charger_unavailability_probability"",""asset_id"":2,""lower_bound"":0.8,""upper_bound"":1.0,""selected_value"":1.0,""unit"":""probability"",""selection_policy"":""confirmed_unavailable""}],""recommended_action"":""optimize"",""rationale"":""Material event is confirmed; apply the frozen conservative parameter policy provisionally.""},""material"":true,""updates"":{""delay_minutes_by_bus"":{},""energy_multiplier_by_bus"":{},""charger_power_kw"":{},""unavailable_chargers"":[2]},""evidence"":[""canonical_uncertainty_policy_v1"",""trigger_uncertainty_chat_v3""]}"
OPS-104-persistence-uncertain_chat,v3_charger2_isolation,OPS-104,driver_chat,uncertain_chat,development,persistence,11,"[OPS-104] Maintenance: The same event remains active. Field reports persist but delayed telemetry still disagrees. EVSE-02 unavailability probability 0.80-1.
Depot chat: coffee machine charger is acting up again (not a fleet asset).
Telemetry desk: My first screen disagrees with the field report; the feed may be stale.
Maintenance: Treat the operational confidence as 0.60; earlier estimates may be superseded.
Dispatcher: No selected value changed; keep the current plan and wait.","{""event_id"":""OPS-104"",""source_type"":""driver_chat"",""event_type"":""charger_fault"",""phase"":""persistence"",""affected_buses"":[],""affected_chargers"":[2],""effective_timestep"":11,""expected_end_timestep"":null,""uncertainty"":true,""uncertainty_details"":{""confidence_level"":0.6,""provisional"":true,""conflicting_evidence"":[""driver_or_maintenance_report_vs_delayed_telemetry""],""estimates"":[{""parameter"":""charger_unavailability_probability"",""asset_id"":2,""lower_bound"":0.8,""upper_bound"":1.0,""selected_value"":1.0,""unit"":""probability"",""selection_policy"":""confirmed_unavailable""}],""recommended_action"":""wait"",""rationale"":""No selected operational value has changed; wait and avoid duplicate optimization.""},""material"":true,""updates"":{""delay_minutes_by_bus"":{},""energy_multiplier_by_bus"":{},""charger_power_kw"":{},""unavailable_chargers"":[2]},""evidence"":[""canonical_uncertainty_policy_v1"",""trigger_uncertainty_chat_v3""]}"
OPS-104-severity_change-uncertain_chat,v3_charger2_isolation,OPS-104,driver_chat,uncertain_chat,development,severity_change,12,"[OPS-104] Maintenance: A verified correction supersedes the previous estimate for intermittent isolation alarm on EVSE-02. EVSE-02 unavailability probability 1-1.
Depot chat: coffee machine charger is acting up again (not a fleet asset).
Telemetry desk: My first screen disagrees with the field report; the feed may be stale.
Maintenance: Treat the operational confidence as 0.88; earlier estimates may be superseded.
Dispatcher: Verified correction: supersede the earlier values and replan now.","{""event_id"":""OPS-104"",""source_type"":""driver_chat"",""event_type"":""charger_fault"",""phase"":""severity_change"",""affected_buses"":[],""affected_chargers"":[2],""effective_timestep"":12,""expected_end_timestep"":null,""uncertainty"":false,""uncertainty_details"":{""confidence_level"":0.88,""provisional"":false,""conflicting_evidence"":[],""estimates"":[{""parameter"":""charger_unavailability_probability"",""asset_id"":2,""lower_bound"":1.0,""upper_bound"":1.0,""selected_value"":1.0,""unit"":""probability"",""selection_policy"":""confirmed_unavailable""}],""recommended_action"":""optimize"",""rationale"":""A verified correction supersedes earlier values and requires reoptimization.""},""material"":true,""updates"":{""delay_minutes_by_bus"":{},""energy_multiplier_by_bus"":{},""charger_power_kw"":{},""unavailable_chargers"":[2]},""evidence"":[""canonical_uncertainty_policy_v1"",""trigger_uncertainty_chat_v3""]}"
OPS-104-recovery-uncertain_chat,v3_charger2_isolation,OPS-104,driver_chat,uncertain_chat,development,recovery,14,"[OPS-104] Maintenance: The affected buses and chargers for intermittent isolation alarm on EVSE-02 are confirmed back to normal.
Depot chat: coffee machine charger is acting up again (not a fleet asset).
Telemetry desk: My first screen disagrees with the field report; the feed may be stale.
Maintenance: Treat the operational confidence as 0.96; earlier estimates may be superseded.
Dispatcher: Recovery confirmed: restore nominal assumptions and replan now.","{""event_id"":""OPS-104"",""source_type"":""driver_chat"",""event_type"":""charger_fault"",""phase"":""recovery"",""affected_buses"":[],""affected_chargers"":[2],""effective_timestep"":14,""expected_end_timestep"":null,""uncertainty"":false,""uncertainty_details"":{""confidence_level"":0.96,""provisional"":false,""conflicting_evidence"":[],""estimates"":[{""parameter"":""charger_unavailability_probability"",""asset_id"":2,""lower_bound"":0.0,""upper_bound"":0.0,""selected_value"":0.0,""unit"":""probability"",""selection_policy"":""restored_nominal""}],""recommended_action"":""optimize"",""rationale"":""Confirmed recovery restores nominal optimizer assumptions.""},""material"":true,""updates"":{""delay_minutes_by_bus"":{},""energy_multiplier_by_bus"":{},""charger_power_kw"":{},""unavailable_chargers"":[]},""evidence"":[""canonical_uncertainty_policy_v1"",""trigger_uncertainty_chat_v3""]}"
OPS-104-stable-uncertain_chat,v3_charger2_isolation,OPS-104,driver_chat,uncertain_chat,development,stable,15,"[OPS-104] Maintenance: Post-recovery monitoring is normal; a message about a break-room charger is unrelated to fleet operations.
Depot chat: coffee machine charger is acting up again (not a fleet asset).
Telemetry desk: My first screen disagrees with the field report; the feed may be stale.
Maintenance: Treat the operational confidence as 1.00; earlier estimates may be superseded.
Dispatcher: No new operational restriction; no replan is needed.","{""event_id"":""OPS-104"",""source_type"":""driver_chat"",""event_type"":""informational"",""phase"":""stable"",""affected_buses"":[],""affected_chargers"":[],""effective_timestep"":15,""expected_end_timestep"":null,""uncertainty"":false,""uncertainty_details"":{""confidence_level"":1.0,""provisional"":false,""conflicting_evidence"":[],""estimates"":[],""recommended_action"":""wait"",""rationale"":""Post-recovery chatter contains no new operational restriction.""},""material"":false,""updates"":{""delay_minutes_by_bus"":{},""energy_multiplier_by_bus"":{},""charger_power_kw"":{},""unavailable_chargers"":[]},""evidence"":[""canonical_uncertainty_policy_v1"",""trigger_uncertainty_chat_v3""]}"
OPS-105-warning-clean,v3_charger5_thermal,OPS-105,ocpp,clean,development,warning,9,Operations notice OPS-105. A conditional warning was raised for thermal protection on EVSE-05. EVSE-05 available power 60-90 kW. Confidence 0.45. Field information and initial telemetry conflict where stated. Request confirmation and do not replan yet.,"{""event_id"":""OPS-105"",""source_type"":""ocpp"",""event_type"":""charger_derating"",""phase"":""warning"",""affected_buses"":[],""affected_chargers"":[5],""effective_timestep"":9,""expected_end_timestep"":null,""uncertainty"":true,""uncertainty_details"":{""confidence_level"":0.45,""provisional"":true,""conflicting_evidence"":[""field_report_vs_initial_telemetry""],""estimates"":[{""parameter"":""charger_power_kw"",""asset_id"":5,""lower_bound"":60.0,""upper_bound"":90.0,""selected_value"":null,""unit"":""kw"",""selection_policy"":""no_update_pending_confirmation""}],""recommended_action"":""request_confirmation"",""rationale"":""Conditional warning lacks confirmation; request confirmation without changing optimizer inputs.""},""material"":true,""updates"":{""delay_minutes_by_bus"":{},""energy_multiplier_by_bus"":{},""charger_power_kw"":{},""unavailable_chargers"":[]},""evidence"":[""canonical_uncertainty_policy_v1"",""trigger_uncertainty_chat_v3""]}"
OPS-105-onset-clean,v3_charger5_thermal,OPS-105,ocpp,clean,development,onset,10,Operations notice OPS-105. The event is now confirmed for thermal protection on EVSE-05. EVSE-05 available power 60-90 kW. Confidence 0.72. Field information and initial telemetry conflict where stated. Confirmed material: apply the conservative bound provisionally and replan now.,"{""event_id"":""OPS-105"",""source_type"":""ocpp"",""event_type"":""charger_derating"",""phase"":""onset"",""affected_buses"":[],""affected_chargers"":[5],""effective_timestep"":10,""expected_end_timestep"":null,""uncertainty"":true,""uncertainty_details"":{""confidence_level"":0.72,""provisional"":true,""conflicting_evidence"":[""field_estimate_vs_fluctuating_dashboard""],""estimates"":[{""parameter"":""charger_power_kw"",""asset_id"":5,""lower_bound"":60.0,""upper_bound"":90.0,""selected_value"":60.0,""unit"":""kw"",""selection_policy"":""conservative_lower""}],""recommended_action"":""optimize"",""rationale"":""Material event is confirmed; apply the frozen conservative parameter policy provisionally.""},""material"":true,""updates"":{""delay_minutes_by_bus"":{},""energy_multiplier_by_bus"":{},""charger_power_kw"":{""5"":60.0},""unavailable_chargers"":[]},""evidence"":[""canonical_uncertainty_policy_v1"",""trigger_uncertainty_chat_v3""]}"
OPS-105-persistence-clean,v3_charger5_thermal,OPS-105,ocpp,clean,development,persistence,11,Operations notice OPS-105. The same event remains active. Field reports persist but delayed telemetry still disagrees. EVSE-05 available power 60-90 kW. Confidence 0.60. Field information and initial telemetry conflict where stated. No selected value changed; keep the current plan and wait.,"{""event_id"":""OPS-105"",""source_type"":""ocpp"",""event_type"":""charger_derating"",""phase"":""persistence"",""affected_buses"":[],""affected_chargers"":[5],""effective_timestep"":11,""expected_end_timestep"":null,""uncertainty"":true,""uncertainty_details"":{""confidence_level"":0.6,""provisional"":true,""conflicting_evidence"":[""driver_or_maintenance_report_vs_delayed_telemetry""],""estimates"":[{""parameter"":""charger_power_kw"",""asset_id"":5,""lower_bound"":60.0,""upper_bound"":90.0,""selected_value"":60.0,""unit"":""kw"",""selection_policy"":""conservative_lower""}],""recommended_action"":""wait"",""rationale"":""No selected operational value has changed; wait and avoid duplicate optimization.""},""material"":true,""updates"":{""delay_minutes_by_bus"":{},""energy_multiplier_by_bus"":{},""charger_power_kw"":{""5"":60.0},""unavailable_chargers"":[]},""evidence"":[""canonical_uncertainty_policy_v1"",""trigger_uncertainty_chat_v3""]}"
OPS-105-severity_change-clean,v3_charger5_thermal,OPS-105,ocpp,clean,development,severity_change,12,Operations notice OPS-105. A verified correction supersedes the previous estimate for thermal protection on EVSE-05. EVSE-05 available power 35-55 kW. Confidence 0.88. Field information and initial telemetry conflict where stated. Verified correction: supersede the earlier values and replan now.,"{""event_id"":""OPS-105"",""source_type"":""ocpp"",""event_type"":""charger_derating"",""phase"":""severity_change"",""affected_buses"":[],""affected_chargers"":[5],""effective_timestep"":12,""expected_end_timestep"":null,""uncertainty"":false,""uncertainty_details"":{""confidence_level"":0.88,""provisional"":false,""conflicting_evidence"":[],""estimates"":[{""parameter"":""charger_power_kw"",""asset_id"":5,""lower_bound"":35.0,""upper_bound"":55.0,""selected_value"":35.0,""unit"":""kw"",""selection_policy"":""conservative_lower""}],""recommended_action"":""optimize"",""rationale"":""A verified correction supersedes earlier values and requires reoptimization.""},""material"":true,""updates"":{""delay_minutes_by_bus"":{},""energy_multiplier_by_bus"":{},""charger_power_kw"":{""5"":35.0},""unavailable_chargers"":[]},""evidence"":[""canonical_uncertainty_policy_v1"",""trigger_uncertainty_chat_v3""]}"
OPS-105-recovery-clean,v3_charger5_thermal,OPS-105,ocpp,clean,development,recovery,14,Operations notice OPS-105. The affected buses and chargers for thermal protection on EVSE-05 are confirmed back to normal. Confidence 0.96. Field information and initial telemetry conflict where stated. Recovery confirmed: restore nominal assumptions and replan now.,"{""event_id"":""OPS-105"",""source_type"":""ocpp"",""event_type"":""charger_derating"",""phase"":""recovery"",""affected_buses"":[],""affected_chargers"":[5],""effective_timestep"":14,""expected_end_timestep"":null,""uncertainty"":false,""uncertainty_details"":{""confidence_level"":0.96,""provisional"":false,""conflicting_evidence"":[],""estimates"":[{""parameter"":""charger_power_kw"",""asset_id"":5,""lower_bound"":200.0,""upper_bound"":200.0,""selected_value"":200.0,""unit"":""kw"",""selection_policy"":""restored_nominal""}],""recommended_action"":""optimize"",""rationale"":""Confirmed recovery restores nominal optimizer assumptions.""},""material"":true,""updates"":{""delay_minutes_by_bus"":{},""energy_multiplier_by_bus"":{},""charger_power_kw"":{""5"":200.0},""unavailable_chargers"":[]},""evidence"":[""canonical_uncertainty_policy_v1"",""trigger_uncertainty_chat_v3""]}"
OPS-105-stable-clean,v3_charger5_thermal,OPS-105,ocpp,clean,development,stable,15,Operations notice OPS-105. Post-recovery monitoring is normal; a message about a break-room charger is unrelated to fleet operations. Confidence 1.00. Field information and initial telemetry conflict where stated. No new operational restriction; no replan is needed.,"{""event_id"":""OPS-105"",""source_type"":""ocpp"",""event_type"":""informational"",""phase"":""stable"",""affected_buses"":[],""affected_chargers"":[],""effective_timestep"":15,""expected_end_timestep"":null,""uncertainty"":false,""uncertainty_details"":{""confidence_level"":1.0,""provisional"":false,""conflicting_evidence"":[],""estimates"":[],""recommended_action"":""wait"",""rationale"":""Post-recovery chatter contains no new operational restriction.""},""material"":false,""updates"":{""delay_minutes_by_bus"":{},""energy_multiplier_by_bus"":{},""charger_power_kw"":{},""unavailable_chargers"":[]},""evidence"":[""canonical_uncertainty_policy_v1"",""trigger_uncertainty_chat_v3""]}"
OPS-105-warning-single_message,v3_charger5_thermal,OPS-105,driver_chat,single_message,development,warning,9,Maintenance re OPS-105: A conditional warning was raised for thermal protection on EVSE-05. EVSE-05 available power 60-90 kW. dashboard is a bit flaky; conf 0.45. Request confirmation and do not replan yet.,"{""event_id"":""OPS-105"",""source_type"":""driver_chat"",""event_type"":""charger_derating"",""phase"":""warning"",""affected_buses"":[],""affected_chargers"":[5],""effective_timestep"":9,""expected_end_timestep"":null,""uncertainty"":true,""uncertainty_details"":{""confidence_level"":0.45,""provisional"":true,""conflicting_evidence"":[""field_report_vs_initial_telemetry""],""estimates"":[{""parameter"":""charger_power_kw"",""asset_id"":5,""lower_bound"":60.0,""upper_bound"":90.0,""selected_value"":null,""unit"":""kw"",""selection_policy"":""no_update_pending_confirmation""}],""recommended_action"":""request_confirmation"",""rationale"":""Conditional warning lacks confirmation; request confirmation without changing optimizer inputs.""},""material"":true,""updates"":{""delay_minutes_by_bus"":{},""energy_multiplier_by_bus"":{},""charger_power_kw"":{},""unavailable_chargers"":[]},""evidence"":[""canonical_uncertainty_policy_v1"",""trigger_uncertainty_chat_v3""]}"
OPS-105-onset-single_message,v3_charger5_thermal,OPS-105,driver_chat,single_message,development,onset,10,Maintenance re OPS-105: The event is now confirmed for thermal protection on EVSE-05. EVSE-05 available power 60-90 kW. dashboard is a bit flaky; conf 0.72. Confirmed material: apply the conservative bound provisionally and replan now.,"{""event_id"":""OPS-105"",""source_type"":""driver_chat"",""event_type"":""charger_derating"",""phase"":""onset"",""affected_buses"":[],""affected_chargers"":[5],""effective_timestep"":10,""expected_end_timestep"":null,""uncertainty"":true,""uncertainty_details"":{""confidence_level"":0.72,""provisional"":true,""conflicting_evidence"":[""field_estimate_vs_fluctuating_dashboard""],""estimates"":[{""parameter"":""charger_power_kw"",""asset_id"":5,""lower_bound"":60.0,""upper_bound"":90.0,""selected_value"":60.0,""unit"":""kw"",""selection_policy"":""conservative_lower""}],""recommended_action"":""optimize"",""rationale"":""Material event is confirmed; apply the frozen conservative parameter policy provisionally.""},""material"":true,""updates"":{""delay_minutes_by_bus"":{},""energy_multiplier_by_bus"":{},""charger_power_kw"":{""5"":60.0},""unavailable_chargers"":[]},""evidence"":[""canonical_uncertainty_policy_v1"",""trigger_uncertainty_chat_v3""]}"
OPS-105-persistence-single_message,v3_charger5_thermal,OPS-105,driver_chat,single_message,development,persistence,11,Maintenance re OPS-105: The same event remains active. Field reports persist but delayed telemetry still disagrees. EVSE-05 available power 60-90 kW. dashboard is a bit flaky; conf 0.60. No selected value changed; keep the current plan and wait.,"{""event_id"":""OPS-105"",""source_type"":""driver_chat"",""event_type"":""charger_derating"",""phase"":""persistence"",""affected_buses"":[],""affected_chargers"":[5],""effective_timestep"":11,""expected_end_timestep"":null,""uncertainty"":true,""uncertainty_details"":{""confidence_level"":0.6,""provisional"":true,""conflicting_evidence"":[""driver_or_maintenance_report_vs_delayed_telemetry""],""estimates"":[{""parameter"":""charger_power_kw"",""asset_id"":5,""lower_bound"":60.0,""upper_bound"":90.0,""selected_value"":60.0,""unit"":""kw"",""selection_policy"":""conservative_lower""}],""recommended_action"":""wait"",""rationale"":""No selected operational value has changed; wait and avoid duplicate optimization.""},""material"":true,""updates"":{""delay_minutes_by_bus"":{},""energy_multiplier_by_bus"":{},""charger_power_kw"":{""5"":60.0},""unavailable_chargers"":[]},""evidence"":[""canonical_uncertainty_policy_v1"",""trigger_uncertainty_chat_v3""]}"
OPS-105-severity_change-single_message,v3_charger5_thermal,OPS-105,driver_chat,single_message,development,severity_change,12,Maintenance re OPS-105: A verified correction supersedes the previous estimate for thermal protection on EVSE-05. EVSE-05 available power 35-55 kW. dashboard is a bit flaky; conf 0.88. Verified correction: supersede the earlier values and replan now.,"{""event_id"":""OPS-105"",""source_type"":""driver_chat"",""event_type"":""charger_derating"",""phase"":""severity_change"",""affected_buses"":[],""affected_chargers"":[5],""effective_timestep"":12,""expected_end_timestep"":null,""uncertainty"":false,""uncertainty_details"":{""confidence_level"":0.88,""provisional"":false,""conflicting_evidence"":[],""estimates"":[{""parameter"":""charger_power_kw"",""asset_id"":5,""lower_bound"":35.0,""upper_bound"":55.0,""selected_value"":35.0,""unit"":""kw"",""selection_policy"":""conservative_lower""}],""recommended_action"":""optimize"",""rationale"":""A verified correction supersedes earlier values and requires reoptimization.""},""material"":true,""updates"":{""delay_minutes_by_bus"":{},""energy_multiplier_by_bus"":{},""charger_power_kw"":{""5"":35.0},""unavailable_chargers"":[]},""evidence"":[""canonical_uncertainty_policy_v1"",""trigger_uncertainty_chat_v3""]}"
OPS-105-recovery-single_message,v3_charger5_thermal,OPS-105,driver_chat,single_message,development,recovery,14,Maintenance re OPS-105: The affected buses and chargers for thermal protection on EVSE-05 are confirmed back to normal. dashboard is a bit flaky; conf 0.96. Recovery confirmed: restore nominal assumptions and replan now.,"{""event_id"":""OPS-105"",""source_type"":""driver_chat"",""event_type"":""charger_derating"",""phase"":""recovery"",""affected_buses"":[],""affected_chargers"":[5],""effective_timestep"":14,""expected_end_timestep"":null,""uncertainty"":false,""uncertainty_details"":{""confidence_level"":0.96,""provisional"":false,""conflicting_evidence"":[],""estimates"":[{""parameter"":""charger_power_kw"",""asset_id"":5,""lower_bound"":200.0,""upper_bound"":200.0,""selected_value"":200.0,""unit"":""kw"",""selection_policy"":""restored_nominal""}],""recommended_action"":""optimize"",""rationale"":""Confirmed recovery restores nominal optimizer assumptions.""},""material"":true,""updates"":{""delay_minutes_by_bus"":{},""energy_multiplier_by_bus"":{},""charger_power_kw"":{""5"":200.0},""unavailable_chargers"":[]},""evidence"":[""canonical_uncertainty_policy_v1"",""trigger_uncertainty_chat_v3""]}"
OPS-105-stable-single_message,v3_charger5_thermal,OPS-105,driver_chat,single_message,development,stable,15,Maintenance re OPS-105: Post-recovery monitoring is normal; a message about a break-room charger is unrelated to fleet operations. dashboard is a bit flaky; conf 1.00. No new operational restriction; no replan is needed.,"{""event_id"":""OPS-105"",""source_type"":""driver_chat"",""event_type"":""informational"",""phase"":""stable"",""affected_buses"":[],""affected_chargers"":[],""effective_timestep"":15,""expected_end_timestep"":null,""uncertainty"":false,""uncertainty_details"":{""confidence_level"":1.0,""provisional"":false,""conflicting_evidence"":[],""estimates"":[],""recommended_action"":""wait"",""rationale"":""Post-recovery chatter contains no new operational restriction.""},""material"":false,""updates"":{""delay_minutes_by_bus"":{},""energy_multiplier_by_bus"":{},""charger_power_kw"":{},""unavailable_chargers"":[]},""evidence"":[""canonical_uncertainty_policy_v1"",""trigger_uncertainty_chat_v3""]}"
OPS-105-warning-driver_chat,v3_charger5_thermal,OPS-105,driver_chat,driver_chat,development,warning,9,"[OPS-105] Maintenance: A conditional warning was raised for thermal protection on EVSE-05. EVSE-05 available power 60-90 kW.
Telemetry desk: The dashboard is delayed and does not fully match the field estimate. Confidence 0.45.
Dispatcher: Request confirmation and do not replan yet.","{""event_id"":""OPS-105"",""source_type"":""driver_chat"",""event_type"":""charger_derating"",""phase"":""warning"",""affected_buses"":[],""affected_chargers"":[5],""effective_timestep"":9,""expected_end_timestep"":null,""uncertainty"":true,""uncertainty_details"":{""confidence_level"":0.45,""provisional"":true,""conflicting_evidence"":[""field_report_vs_initial_telemetry""],""estimates"":[{""parameter"":""charger_power_kw"",""asset_id"":5,""lower_bound"":60.0,""upper_bound"":90.0,""selected_value"":null,""unit"":""kw"",""selection_policy"":""no_update_pending_confirmation""}],""recommended_action"":""request_confirmation"",""rationale"":""Conditional warning lacks confirmation; request confirmation without changing optimizer inputs.""},""material"":true,""updates"":{""delay_minutes_by_bus"":{},""energy_multiplier_by_bus"":{},""charger_power_kw"":{},""unavailable_chargers"":[]},""evidence"":[""canonical_uncertainty_policy_v1"",""trigger_uncertainty_chat_v3""]}"
OPS-105-onset-driver_chat,v3_charger5_thermal,OPS-105,driver_chat,driver_chat,development,onset,10,"[OPS-105] Maintenance: The event is now confirmed for thermal protection on EVSE-05. EVSE-05 available power 60-90 kW.
Telemetry desk: The dashboard is delayed and does not fully match the field estimate. Confidence 0.72.
Dispatcher: Confirmed material: apply the conservative bound provisionally and replan now.","{""event_id"":""OPS-105"",""source_type"":""driver_chat"",""event_type"":""charger_derating"",""phase"":""onset"",""affected_buses"":[],""affected_chargers"":[5],""effective_timestep"":10,""expected_end_timestep"":null,""uncertainty"":true,""uncertainty_details"":{""confidence_level"":0.72,""provisional"":true,""conflicting_evidence"":[""field_estimate_vs_fluctuating_dashboard""],""estimates"":[{""parameter"":""charger_power_kw"",""asset_id"":5,""lower_bound"":60.0,""upper_bound"":90.0,""selected_value"":60.0,""unit"":""kw"",""selection_policy"":""conservative_lower""}],""recommended_action"":""optimize"",""rationale"":""Material event is confirmed; apply the frozen conservative parameter policy provisionally.""},""material"":true,""updates"":{""delay_minutes_by_bus"":{},""energy_multiplier_by_bus"":{},""charger_power_kw"":{""5"":60.0},""unavailable_chargers"":[]},""evidence"":[""canonical_uncertainty_policy_v1"",""trigger_uncertainty_chat_v3""]}"
OPS-105-persistence-driver_chat,v3_charger5_thermal,OPS-105,driver_chat,driver_chat,development,persistence,11,"[OPS-105] Maintenance: The same event remains active. Field reports persist but delayed telemetry still disagrees. EVSE-05 available power 60-90 kW.
Telemetry desk: The dashboard is delayed and does not fully match the field estimate. Confidence 0.60.
Dispatcher: No selected value changed; keep the current plan and wait.","{""event_id"":""OPS-105"",""source_type"":""driver_chat"",""event_type"":""charger_derating"",""phase"":""persistence"",""affected_buses"":[],""affected_chargers"":[5],""effective_timestep"":11,""expected_end_timestep"":null,""uncertainty"":true,""uncertainty_details"":{""confidence_level"":0.6,""provisional"":true,""conflicting_evidence"":[""driver_or_maintenance_report_vs_delayed_telemetry""],""estimates"":[{""parameter"":""charger_power_kw"",""asset_id"":5,""lower_bound"":60.0,""upper_bound"":90.0,""selected_value"":60.0,""unit"":""kw"",""selection_policy"":""conservative_lower""}],""recommended_action"":""wait"",""rationale"":""No selected operational value has changed; wait and avoid duplicate optimization.""},""material"":true,""updates"":{""delay_minutes_by_bus"":{},""energy_multiplier_by_bus"":{},""charger_power_kw"":{""5"":60.0},""unavailable_chargers"":[]},""evidence"":[""canonical_uncertainty_policy_v1"",""trigger_uncertainty_chat_v3""]}"
OPS-105-severity_change-driver_chat,v3_charger5_thermal,OPS-105,driver_chat,driver_chat,development,severity_change,12,"[OPS-105] Maintenance: A verified correction supersedes the previous estimate for thermal protection on EVSE-05. EVSE-05 available power 35-55 kW.
Telemetry desk: The dashboard is delayed and does not fully match the field estimate. Confidence 0.88.
Dispatcher: Verified correction: supersede the earlier values and replan now.","{""event_id"":""OPS-105"",""source_type"":""driver_chat"",""event_type"":""charger_derating"",""phase"":""severity_change"",""affected_buses"":[],""affected_chargers"":[5],""effective_timestep"":12,""expected_end_timestep"":null,""uncertainty"":false,""uncertainty_details"":{""confidence_level"":0.88,""provisional"":false,""conflicting_evidence"":[],""estimates"":[{""parameter"":""charger_power_kw"",""asset_id"":5,""lower_bound"":35.0,""upper_bound"":55.0,""selected_value"":35.0,""unit"":""kw"",""selection_policy"":""conservative_lower""}],""recommended_action"":""optimize"",""rationale"":""A verified correction supersedes earlier values and requires reoptimization.""},""material"":true,""updates"":{""delay_minutes_by_bus"":{},""energy_multiplier_by_bus"":{},""charger_power_kw"":{""5"":35.0},""unavailable_chargers"":[]},""evidence"":[""canonical_uncertainty_policy_v1"",""trigger_uncertainty_chat_v3""]}"
OPS-105-recovery-driver_chat,v3_charger5_thermal,OPS-105,driver_chat,driver_chat,development,recovery,14,"[OPS-105] Maintenance: The affected buses and chargers for thermal protection on EVSE-05 are confirmed back to normal.
Telemetry desk: The dashboard is delayed and does not fully match the field estimate. Confidence 0.96.
Dispatcher: Recovery confirmed: restore nominal assumptions and replan now.","{""event_id"":""OPS-105"",""source_type"":""driver_chat"",""event_type"":""charger_derating"",""phase"":""recovery"",""affected_buses"":[],""affected_chargers"":[5],""effective_timestep"":14,""expected_end_timestep"":null,""uncertainty"":false,""uncertainty_details"":{""confidence_level"":0.96,""provisional"":false,""conflicting_evidence"":[],""estimates"":[{""parameter"":""charger_power_kw"",""asset_id"":5,""lower_bound"":200.0,""upper_bound"":200.0,""selected_value"":200.0,""unit"":""kw"",""selection_policy"":""restored_nominal""}],""recommended_action"":""optimize"",""rationale"":""Confirmed recovery restores nominal optimizer assumptions.""},""material"":true,""updates"":{""delay_minutes_by_bus"":{},""energy_multiplier_by_bus"":{},""charger_power_kw"":{""5"":200.0},""unavailable_chargers"":[]},""evidence"":[""canonical_uncertainty_policy_v1"",""trigger_uncertainty_chat_v3""]}"
OPS-105-stable-driver_chat,v3_charger5_thermal,OPS-105,driver_chat,driver_chat,development,stable,15,"[OPS-105] Maintenance: Post-recovery monitoring is normal; a message about a break-room charger is unrelated to fleet operations.
Telemetry desk: The dashboard is delayed and does not fully match the field estimate. Confidence 1.00.
Dispatcher: No new operational restriction; no replan is needed.","{""event_id"":""OPS-105"",""source_type"":""driver_chat"",""event_type"":""informational"",""phase"":""stable"",""affected_buses"":[],""affected_chargers"":[],""effective_timestep"":15,""expected_end_timestep"":null,""uncertainty"":false,""uncertainty_details"":{""confidence_level"":1.0,""provisional"":false,""conflicting_evidence"":[],""estimates"":[],""recommended_action"":""wait"",""rationale"":""Post-recovery chatter contains no new operational restriction.""},""material"":false,""updates"":{""delay_minutes_by_bus"":{},""energy_multiplier_by_bus"":{},""charger_power_kw"":{},""unavailable_chargers"":[]},""evidence"":[""canonical_uncertainty_policy_v1"",""trigger_uncertainty_chat_v3""]}"
OPS-105-warning-uncertain_chat,v3_charger5_thermal,OPS-105,driver_chat,uncertain_chat,development,warning,9,"[OPS-105] Maintenance: A conditional warning was raised for thermal protection on EVSE-05. EVSE-05 available power 60-90 kW.
Depot chat: coffee machine charger is acting up again (not a fleet asset).
Telemetry desk: My first screen disagrees with the field report; the feed may be stale.
Maintenance: Treat the operational confidence as 0.45; earlier estimates may be superseded.
Dispatcher: Request confirmation and do not replan yet.","{""event_id"":""OPS-105"",""source_type"":""driver_chat"",""event_type"":""charger_derating"",""phase"":""warning"",""affected_buses"":[],""affected_chargers"":[5],""effective_timestep"":9,""expected_end_timestep"":null,""uncertainty"":true,""uncertainty_details"":{""confidence_level"":0.45,""provisional"":true,""conflicting_evidence"":[""field_report_vs_initial_telemetry""],""estimates"":[{""parameter"":""charger_power_kw"",""asset_id"":5,""lower_bound"":60.0,""upper_bound"":90.0,""selected_value"":null,""unit"":""kw"",""selection_policy"":""no_update_pending_confirmation""}],""recommended_action"":""request_confirmation"",""rationale"":""Conditional warning lacks confirmation; request confirmation without changing optimizer inputs.""},""material"":true,""updates"":{""delay_minutes_by_bus"":{},""energy_multiplier_by_bus"":{},""charger_power_kw"":{},""unavailable_chargers"":[]},""evidence"":[""canonical_uncertainty_policy_v1"",""trigger_uncertainty_chat_v3""]}"
OPS-105-onset-uncertain_chat,v3_charger5_thermal,OPS-105,driver_chat,uncertain_chat,development,onset,10,"[OPS-105] Maintenance: The event is now confirmed for thermal protection on EVSE-05. EVSE-05 available power 60-90 kW.
Depot chat: coffee machine charger is acting up again (not a fleet asset).
Telemetry desk: My first screen disagrees with the field report; the feed may be stale.
Maintenance: Treat the operational confidence as 0.72; earlier estimates may be superseded.
Dispatcher: Confirmed material: apply the conservative bound provisionally and replan now.","{""event_id"":""OPS-105"",""source_type"":""driver_chat"",""event_type"":""charger_derating"",""phase"":""onset"",""affected_buses"":[],""affected_chargers"":[5],""effective_timestep"":10,""expected_end_timestep"":null,""uncertainty"":true,""uncertainty_details"":{""confidence_level"":0.72,""provisional"":true,""conflicting_evidence"":[""field_estimate_vs_fluctuating_dashboard""],""estimates"":[{""parameter"":""charger_power_kw"",""asset_id"":5,""lower_bound"":60.0,""upper_bound"":90.0,""selected_value"":60.0,""unit"":""kw"",""selection_policy"":""conservative_lower""}],""recommended_action"":""optimize"",""rationale"":""Material event is confirmed; apply the frozen conservative parameter policy provisionally.""},""material"":true,""updates"":{""delay_minutes_by_bus"":{},""energy_multiplier_by_bus"":{},""charger_power_kw"":{""5"":60.0},""unavailable_chargers"":[]},""evidence"":[""canonical_uncertainty_policy_v1"",""trigger_uncertainty_chat_v3""]}"
OPS-105-persistence-uncertain_chat,v3_charger5_thermal,OPS-105,driver_chat,uncertain_chat,development,persistence,11,"[OPS-105] Maintenance: The same event remains active. Field reports persist but delayed telemetry still disagrees. EVSE-05 available power 60-90 kW.
Depot chat: coffee machine charger is acting up again (not a fleet asset).
Telemetry desk: My first screen disagrees with the field report; the feed may be stale.
Maintenance: Treat the operational confidence as 0.60; earlier estimates may be superseded.
Dispatcher: No selected value changed; keep the current plan and wait.","{""event_id"":""OPS-105"",""source_type"":""driver_chat"",""event_type"":""charger_derating"",""phase"":""persistence"",""affected_buses"":[],""affected_chargers"":[5],""effective_timestep"":11,""expected_end_timestep"":null,""uncertainty"":true,""uncertainty_details"":{""confidence_level"":0.6,""provisional"":true,""conflicting_evidence"":[""driver_or_maintenance_report_vs_delayed_telemetry""],""estimates"":[{""parameter"":""charger_power_kw"",""asset_id"":5,""lower_bound"":60.0,""upper_bound"":90.0,""selected_value"":60.0,""unit"":""kw"",""selection_policy"":""conservative_lower""}],""recommended_action"":""wait"",""rationale"":""No selected operational value has changed; wait and avoid duplicate optimization.""},""material"":true,""updates"":{""delay_minutes_by_bus"":{},""energy_multiplier_by_bus"":{},""charger_power_kw"":{""5"":60.0},""unavailable_chargers"":[]},""evidence"":[""canonical_uncertainty_policy_v1"",""trigger_uncertainty_chat_v3""]}"
OPS-105-severity_change-uncertain_chat,v3_charger5_thermal,OPS-105,driver_chat,uncertain_chat,development,severity_change,12,"[OPS-105] Maintenance: A verified correction supersedes the previous estimate for thermal protection on EVSE-05. EVSE-05 available power 35-55 kW.
Depot chat: coffee machine charger is acting up again (not a fleet asset).
Telemetry desk: My first screen disagrees with the field report; the feed may be stale.
Maintenance: Treat the operational confidence as 0.88; earlier estimates may be superseded.
Dispatcher: Verified correction: supersede the earlier values and replan now.","{""event_id"":""OPS-105"",""source_type"":""driver_chat"",""event_type"":""charger_derating"",""phase"":""severity_change"",""affected_buses"":[],""affected_chargers"":[5],""effective_timestep"":12,""expected_end_timestep"":null,""uncertainty"":false,""uncertainty_details"":{""confidence_level"":0.88,""provisional"":false,""conflicting_evidence"":[],""estimates"":[{""parameter"":""charger_power_kw"",""asset_id"":5,""lower_bound"":35.0,""upper_bound"":55.0,""selected_value"":35.0,""unit"":""kw"",""selection_policy"":""conservative_lower""}],""recommended_action"":""optimize"",""rationale"":""A verified correction supersedes earlier values and requires reoptimization.""},""material"":true,""updates"":{""delay_minutes_by_bus"":{},""energy_multiplier_by_bus"":{},""charger_power_kw"":{""5"":35.0},""unavailable_chargers"":[]},""evidence"":[""canonical_uncertainty_policy_v1"",""trigger_uncertainty_chat_v3""]}"
OPS-105-recovery-uncertain_chat,v3_charger5_thermal,OPS-105,driver_chat,uncertain_chat,development,recovery,14,"[OPS-105] Maintenance: The affected buses and chargers for thermal protection on EVSE-05 are confirmed back to normal.
Depot chat: coffee machine charger is acting up again (not a fleet asset).
Telemetry desk: My first screen disagrees with the field report; the feed may be stale.
Maintenance: Treat the operational confidence as 0.96; earlier estimates may be superseded.
Dispatcher: Recovery confirmed: restore nominal assumptions and replan now.","{""event_id"":""OPS-105"",""source_type"":""driver_chat"",""event_type"":""charger_derating"",""phase"":""recovery"",""affected_buses"":[],""affected_chargers"":[5],""effective_timestep"":14,""expected_end_timestep"":null,""uncertainty"":false,""uncertainty_details"":{""confidence_level"":0.96,""provisional"":false,""conflicting_evidence"":[],""estimates"":[{""parameter"":""charger_power_kw"",""asset_id"":5,""lower_bound"":200.0,""upper_bound"":200.0,""selected_value"":200.0,""unit"":""kw"",""selection_policy"":""restored_nominal""}],""recommended_action"":""optimize"",""rationale"":""Confirmed recovery restores nominal optimizer assumptions.""},""material"":true,""updates"":{""delay_minutes_by_bus"":{},""energy_multiplier_by_bus"":{},""charger_power_kw"":{""5"":200.0},""unavailable_chargers"":[]},""evidence"":[""canonical_uncertainty_policy_v1"",""trigger_uncertainty_chat_v3""]}"
OPS-105-stable-uncertain_chat,v3_charger5_thermal,OPS-105,driver_chat,uncertain_chat,development,stable,15,"[OPS-105] Maintenance: Post-recovery monitoring is normal; a message about a break-room charger is unrelated to fleet operations.
Depot chat: coffee machine charger is acting up again (not a fleet asset).
Telemetry desk: My first screen disagrees with the field report; the feed may be stale.
Maintenance: Treat the operational confidence as 1.00; earlier estimates may be superseded.
Dispatcher: No new operational restriction; no replan is needed.","{""event_id"":""OPS-105"",""source_type"":""driver_chat"",""event_type"":""informational"",""phase"":""stable"",""affected_buses"":[],""affected_chargers"":[],""effective_timestep"":15,""expected_end_timestep"":null,""uncertainty"":false,""uncertainty_details"":{""confidence_level"":1.0,""provisional"":false,""conflicting_evidence"":[],""estimates"":[],""recommended_action"":""wait"",""rationale"":""Post-recovery chatter contains no new operational restriction.""},""material"":false,""updates"":{""delay_minutes_by_bus"":{},""energy_multiplier_by_bus"":{},""charger_power_kw"":{},""unavailable_chargers"":[]},""evidence"":[""canonical_uncertainty_policy_v1"",""trigger_uncertainty_chat_v3""]}"
OPS-106-warning-clean,v3_charger7_relay,OPS-106,ocpp,clean,test,warning,9,Operations notice OPS-106. A conditional warning was raised for protection-relay indication on EVSE-07 that may be a sensor fault. EVSE-07 unavailability probability 0.75-1. Confidence 0.45. Field information and initial telemetry conflict where stated. Request confirmation and do not replan yet.,"{""event_id"":""OPS-106"",""source_type"":""ocpp"",""event_type"":""charger_fault"",""phase"":""warning"",""affected_buses"":[],""affected_chargers"":[7],""effective_timestep"":9,""expected_end_timestep"":null,""uncertainty"":true,""uncertainty_details"":{""confidence_level"":0.45,""provisional"":true,""conflicting_evidence"":[""field_report_vs_initial_telemetry""],""estimates"":[{""parameter"":""charger_unavailability_probability"",""asset_id"":7,""lower_bound"":0.75,""upper_bound"":1.0,""selected_value"":null,""unit"":""probability"",""selection_policy"":""no_update_pending_confirmation""}],""recommended_action"":""request_confirmation"",""rationale"":""Conditional warning lacks confirmation; request confirmation without changing optimizer inputs.""},""material"":true,""updates"":{""delay_minutes_by_bus"":{},""energy_multiplier_by_bus"":{},""charger_power_kw"":{},""unavailable_chargers"":[]},""evidence"":[""canonical_uncertainty_policy_v1"",""trigger_uncertainty_chat_v3""]}"
OPS-106-onset-clean,v3_charger7_relay,OPS-106,ocpp,clean,test,onset,10,Operations notice OPS-106. The event is now confirmed for protection-relay indication on EVSE-07 that may be a sensor fault. EVSE-07 unavailability probability 0.75-1. Confidence 0.72. Field information and initial telemetry conflict where stated. Confirmed material: apply the conservative bound provisionally and replan now.,"{""event_id"":""OPS-106"",""source_type"":""ocpp"",""event_type"":""charger_fault"",""phase"":""onset"",""affected_buses"":[],""affected_chargers"":[7],""effective_timestep"":10,""expected_end_timestep"":null,""uncertainty"":true,""uncertainty_details"":{""confidence_level"":0.72,""provisional"":true,""conflicting_evidence"":[""field_estimate_vs_fluctuating_dashboard""],""estimates"":[{""parameter"":""charger_unavailability_probability"",""asset_id"":7,""lower_bound"":0.75,""upper_bound"":1.0,""selected_value"":1.0,""unit"":""probability"",""selection_policy"":""confirmed_unavailable""}],""recommended_action"":""optimize"",""rationale"":""Material event is confirmed; apply the frozen conservative parameter policy provisionally.""},""material"":true,""updates"":{""delay_minutes_by_bus"":{},""energy_multiplier_by_bus"":{},""charger_power_kw"":{},""unavailable_chargers"":[7]},""evidence"":[""canonical_uncertainty_policy_v1"",""trigger_uncertainty_chat_v3""]}"
OPS-106-persistence-clean,v3_charger7_relay,OPS-106,ocpp,clean,test,persistence,11,Operations notice OPS-106. The same event remains active. Field reports persist but delayed telemetry still disagrees. EVSE-07 unavailability probability 0.75-1. Confidence 0.60. Field information and initial telemetry conflict where stated. No selected value changed; keep the current plan and wait.,"{""event_id"":""OPS-106"",""source_type"":""ocpp"",""event_type"":""charger_fault"",""phase"":""persistence"",""affected_buses"":[],""affected_chargers"":[7],""effective_timestep"":11,""expected_end_timestep"":null,""uncertainty"":true,""uncertainty_details"":{""confidence_level"":0.6,""provisional"":true,""conflicting_evidence"":[""driver_or_maintenance_report_vs_delayed_telemetry""],""estimates"":[{""parameter"":""charger_unavailability_probability"",""asset_id"":7,""lower_bound"":0.75,""upper_bound"":1.0,""selected_value"":1.0,""unit"":""probability"",""selection_policy"":""confirmed_unavailable""}],""recommended_action"":""wait"",""rationale"":""No selected operational value has changed; wait and avoid duplicate optimization.""},""material"":true,""updates"":{""delay_minutes_by_bus"":{},""energy_multiplier_by_bus"":{},""charger_power_kw"":{},""unavailable_chargers"":[7]},""evidence"":[""canonical_uncertainty_policy_v1"",""trigger_uncertainty_chat_v3""]}"
OPS-106-severity_change-clean,v3_charger7_relay,OPS-106,ocpp,clean,test,severity_change,12,Operations notice OPS-106. A verified correction supersedes the previous estimate for protection-relay indication on EVSE-07 that may be a sensor fault. EVSE-07 unavailability probability 1-1. Confidence 0.88. Field information and initial telemetry conflict where stated. Verified correction: supersede the earlier values and replan now.,"{""event_id"":""OPS-106"",""source_type"":""ocpp"",""event_type"":""charger_fault"",""phase"":""severity_change"",""affected_buses"":[],""affected_chargers"":[7],""effective_timestep"":12,""expected_end_timestep"":null,""uncertainty"":false,""uncertainty_details"":{""confidence_level"":0.88,""provisional"":false,""conflicting_evidence"":[],""estimates"":[{""parameter"":""charger_unavailability_probability"",""asset_id"":7,""lower_bound"":1.0,""upper_bound"":1.0,""selected_value"":1.0,""unit"":""probability"",""selection_policy"":""confirmed_unavailable""}],""recommended_action"":""optimize"",""rationale"":""A verified correction supersedes earlier values and requires reoptimization.""},""material"":true,""updates"":{""delay_minutes_by_bus"":{},""energy_multiplier_by_bus"":{},""charger_power_kw"":{},""unavailable_chargers"":[7]},""evidence"":[""canonical_uncertainty_policy_v1"",""trigger_uncertainty_chat_v3""]}"
OPS-106-recovery-clean,v3_charger7_relay,OPS-106,ocpp,clean,test,recovery,14,Operations notice OPS-106. The affected buses and chargers for protection-relay indication on EVSE-07 that may be a sensor fault are confirmed back to normal. Confidence 0.96. Field information and initial telemetry conflict where stated. Recovery confirmed: restore nominal assumptions and replan now.,"{""event_id"":""OPS-106"",""source_type"":""ocpp"",""event_type"":""charger_fault"",""phase"":""recovery"",""affected_buses"":[],""affected_chargers"":[7],""effective_timestep"":14,""expected_end_timestep"":null,""uncertainty"":false,""uncertainty_details"":{""confidence_level"":0.96,""provisional"":false,""conflicting_evidence"":[],""estimates"":[{""parameter"":""charger_unavailability_probability"",""asset_id"":7,""lower_bound"":0.0,""upper_bound"":0.0,""selected_value"":0.0,""unit"":""probability"",""selection_policy"":""restored_nominal""}],""recommended_action"":""optimize"",""rationale"":""Confirmed recovery restores nominal optimizer assumptions.""},""material"":true,""updates"":{""delay_minutes_by_bus"":{},""energy_multiplier_by_bus"":{},""charger_power_kw"":{},""unavailable_chargers"":[]},""evidence"":[""canonical_uncertainty_policy_v1"",""trigger_uncertainty_chat_v3""]}"
OPS-106-stable-clean,v3_charger7_relay,OPS-106,ocpp,clean,test,stable,15,Operations notice OPS-106. Post-recovery monitoring is normal; a message about a break-room charger is unrelated to fleet operations. Confidence 1.00. Field information and initial telemetry conflict where stated. No new operational restriction; no replan is needed.,"{""event_id"":""OPS-106"",""source_type"":""ocpp"",""event_type"":""informational"",""phase"":""stable"",""affected_buses"":[],""affected_chargers"":[],""effective_timestep"":15,""expected_end_timestep"":null,""uncertainty"":false,""uncertainty_details"":{""confidence_level"":1.0,""provisional"":false,""conflicting_evidence"":[],""estimates"":[],""recommended_action"":""wait"",""rationale"":""Post-recovery chatter contains no new operational restriction.""},""material"":false,""updates"":{""delay_minutes_by_bus"":{},""energy_multiplier_by_bus"":{},""charger_power_kw"":{},""unavailable_chargers"":[]},""evidence"":[""canonical_uncertainty_policy_v1"",""trigger_uncertainty_chat_v3""]}"
OPS-106-warning-single_message,v3_charger7_relay,OPS-106,driver_chat,single_message,test,warning,9,Maintenance re OPS-106: A conditional warning was raised for protection-relay indication on EVSE-07 that may be a sensor fault. EVSE-07 unavailability probability 0.75-1. dashboard is a bit flaky; conf 0.45. Request confirmation and do not replan yet.,"{""event_id"":""OPS-106"",""source_type"":""driver_chat"",""event_type"":""charger_fault"",""phase"":""warning"",""affected_buses"":[],""affected_chargers"":[7],""effective_timestep"":9,""expected_end_timestep"":null,""uncertainty"":true,""uncertainty_details"":{""confidence_level"":0.45,""provisional"":true,""conflicting_evidence"":[""field_report_vs_initial_telemetry""],""estimates"":[{""parameter"":""charger_unavailability_probability"",""asset_id"":7,""lower_bound"":0.75,""upper_bound"":1.0,""selected_value"":null,""unit"":""probability"",""selection_policy"":""no_update_pending_confirmation""}],""recommended_action"":""request_confirmation"",""rationale"":""Conditional warning lacks confirmation; request confirmation without changing optimizer inputs.""},""material"":true,""updates"":{""delay_minutes_by_bus"":{},""energy_multiplier_by_bus"":{},""charger_power_kw"":{},""unavailable_chargers"":[]},""evidence"":[""canonical_uncertainty_policy_v1"",""trigger_uncertainty_chat_v3""]}"
OPS-106-onset-single_message,v3_charger7_relay,OPS-106,driver_chat,single_message,test,onset,10,Maintenance re OPS-106: The event is now confirmed for protection-relay indication on EVSE-07 that may be a sensor fault. EVSE-07 unavailability probability 0.75-1. dashboard is a bit flaky; conf 0.72. Confirmed material: apply the conservative bound provisionally and replan now.,"{""event_id"":""OPS-106"",""source_type"":""driver_chat"",""event_type"":""charger_fault"",""phase"":""onset"",""affected_buses"":[],""affected_chargers"":[7],""effective_timestep"":10,""expected_end_timestep"":null,""uncertainty"":true,""uncertainty_details"":{""confidence_level"":0.72,""provisional"":true,""conflicting_evidence"":[""field_estimate_vs_fluctuating_dashboard""],""estimates"":[{""parameter"":""charger_unavailability_probability"",""asset_id"":7,""lower_bound"":0.75,""upper_bound"":1.0,""selected_value"":1.0,""unit"":""probability"",""selection_policy"":""confirmed_unavailable""}],""recommended_action"":""optimize"",""rationale"":""Material event is confirmed; apply the frozen conservative parameter policy provisionally.""},""material"":true,""updates"":{""delay_minutes_by_bus"":{},""energy_multiplier_by_bus"":{},""charger_power_kw"":{},""unavailable_chargers"":[7]},""evidence"":[""canonical_uncertainty_policy_v1"",""trigger_uncertainty_chat_v3""]}"
OPS-106-persistence-single_message,v3_charger7_relay,OPS-106,driver_chat,single_message,test,persistence,11,Maintenance re OPS-106: The same event remains active. Field reports persist but delayed telemetry still disagrees. EVSE-07 unavailability probability 0.75-1. dashboard is a bit flaky; conf 0.60. No selected value changed; keep the current plan and wait.,"{""event_id"":""OPS-106"",""source_type"":""driver_chat"",""event_type"":""charger_fault"",""phase"":""persistence"",""affected_buses"":[],""affected_chargers"":[7],""effective_timestep"":11,""expected_end_timestep"":null,""uncertainty"":true,""uncertainty_details"":{""confidence_level"":0.6,""provisional"":true,""conflicting_evidence"":[""driver_or_maintenance_report_vs_delayed_telemetry""],""estimates"":[{""parameter"":""charger_unavailability_probability"",""asset_id"":7,""lower_bound"":0.75,""upper_bound"":1.0,""selected_value"":1.0,""unit"":""probability"",""selection_policy"":""confirmed_unavailable""}],""recommended_action"":""wait"",""rationale"":""No selected operational value has changed; wait and avoid duplicate optimization.""},""material"":true,""updates"":{""delay_minutes_by_bus"":{},""energy_multiplier_by_bus"":{},""charger_power_kw"":{},""unavailable_chargers"":[7]},""evidence"":[""canonical_uncertainty_policy_v1"",""trigger_uncertainty_chat_v3""]}"
OPS-106-severity_change-single_message,v3_charger7_relay,OPS-106,driver_chat,single_message,test,severity_change,12,Maintenance re OPS-106: A verified correction supersedes the previous estimate for protection-relay indication on EVSE-07 that may be a sensor fault. EVSE-07 unavailability probability 1-1. dashboard is a bit flaky; conf 0.88. Verified correction: supersede the earlier values and replan now.,"{""event_id"":""OPS-106"",""source_type"":""driver_chat"",""event_type"":""charger_fault"",""phase"":""severity_change"",""affected_buses"":[],""affected_chargers"":[7],""effective_timestep"":12,""expected_end_timestep"":null,""uncertainty"":false,""uncertainty_details"":{""confidence_level"":0.88,""provisional"":false,""conflicting_evidence"":[],""estimates"":[{""parameter"":""charger_unavailability_probability"",""asset_id"":7,""lower_bound"":1.0,""upper_bound"":1.0,""selected_value"":1.0,""unit"":""probability"",""selection_policy"":""confirmed_unavailable""}],""recommended_action"":""optimize"",""rationale"":""A verified correction supersedes earlier values and requires reoptimization.""},""material"":true,""updates"":{""delay_minutes_by_bus"":{},""energy_multiplier_by_bus"":{},""charger_power_kw"":{},""unavailable_chargers"":[7]},""evidence"":[""canonical_uncertainty_policy_v1"",""trigger_uncertainty_chat_v3""]}"
OPS-106-recovery-single_message,v3_charger7_relay,OPS-106,driver_chat,single_message,test,recovery,14,Maintenance re OPS-106: The affected buses and chargers for protection-relay indication on EVSE-07 that may be a sensor fault are confirmed back to normal. dashboard is a bit flaky; conf 0.96. Recovery confirmed: restore nominal assumptions and replan now.,"{""event_id"":""OPS-106"",""source_type"":""driver_chat"",""event_type"":""charger_fault"",""phase"":""recovery"",""affected_buses"":[],""affected_chargers"":[7],""effective_timestep"":14,""expected_end_timestep"":null,""uncertainty"":false,""uncertainty_details"":{""confidence_level"":0.96,""provisional"":false,""conflicting_evidence"":[],""estimates"":[{""parameter"":""charger_unavailability_probability"",""asset_id"":7,""lower_bound"":0.0,""upper_bound"":0.0,""selected_value"":0.0,""unit"":""probability"",""selection_policy"":""restored_nominal""}],""recommended_action"":""optimize"",""rationale"":""Confirmed recovery restores nominal optimizer assumptions.""},""material"":true,""updates"":{""delay_minutes_by_bus"":{},""energy_multiplier_by_bus"":{},""charger_power_kw"":{},""unavailable_chargers"":[]},""evidence"":[""canonical_uncertainty_policy_v1"",""trigger_uncertainty_chat_v3""]}"
OPS-106-stable-single_message,v3_charger7_relay,OPS-106,driver_chat,single_message,test,stable,15,Maintenance re OPS-106: Post-recovery monitoring is normal; a message about a break-room charger is unrelated to fleet operations. dashboard is a bit flaky; conf 1.00. No new operational restriction; no replan is needed.,"{""event_id"":""OPS-106"",""source_type"":""driver_chat"",""event_type"":""informational"",""phase"":""stable"",""affected_buses"":[],""affected_chargers"":[],""effective_timestep"":15,""expected_end_timestep"":null,""uncertainty"":false,""uncertainty_details"":{""confidence_level"":1.0,""provisional"":false,""conflicting_evidence"":[],""estimates"":[],""recommended_action"":""wait"",""rationale"":""Post-recovery chatter contains no new operational restriction.""},""material"":false,""updates"":{""delay_minutes_by_bus"":{},""energy_multiplier_by_bus"":{},""charger_power_kw"":{},""unavailable_chargers"":[]},""evidence"":[""canonical_uncertainty_policy_v1"",""trigger_uncertainty_chat_v3""]}"
OPS-106-warning-driver_chat,v3_charger7_relay,OPS-106,driver_chat,driver_chat,test,warning,9,"[OPS-106] Maintenance: Heads-up only—if the protection-relay indication on EVSE-07 that may be a sensor fault is real, the relay-fault likelihood runs from seventy-five to one hundred percent.
Telemetry desk: First screen is lagging and I cannot corroborate that yet.
Dispatcher: Confidence is about 45 percent. Could someone verify before we touch the schedule?","{""event_id"":""OPS-106"",""source_type"":""driver_chat"",""event_type"":""charger_fault"",""phase"":""warning"",""affected_buses"":[],""affected_chargers"":[7],""effective_timestep"":9,""expected_end_timestep"":null,""uncertainty"":true,""uncertainty_details"":{""confidence_level"":0.45,""provisional"":true,""conflicting_evidence"":[""field_report_vs_initial_telemetry""],""estimates"":[{""parameter"":""charger_unavailability_probability"",""asset_id"":7,""lower_bound"":0.75,""upper_bound"":1.0,""selected_value"":null,""unit"":""probability"",""selection_policy"":""no_update_pending_confirmation""}],""recommended_action"":""request_confirmation"",""rationale"":""Conditional warning lacks confirmation; request confirmation without changing optimizer inputs.""},""material"":true,""updates"":{""delay_minutes_by_bus"":{},""energy_multiplier_by_bus"":{},""charger_power_kw"":{},""unavailable_chargers"":[]},""evidence"":[""canonical_uncertainty_policy_v1"",""trigger_uncertainty_chat_v3""]}"
OPS-106-onset-driver_chat,v3_charger7_relay,OPS-106,driver_chat,driver_chat,test,onset,10,"[OPS-106] Maintenance: Field check backs it up: the relay-fault likelihood runs from seventy-five to one hundred percent.
Telemetry desk: My feed is still bouncing, so the field range and screen do not agree exactly.
Dispatcher: Use the cautious end of those figures for now; confidence 72 percent. Treat it as live.","{""event_id"":""OPS-106"",""source_type"":""driver_chat"",""event_type"":""charger_fault"",""phase"":""onset"",""affected_buses"":[],""affected_chargers"":[7],""effective_timestep"":10,""expected_end_timestep"":null,""uncertainty"":true,""uncertainty_details"":{""confidence_level"":0.72,""provisional"":true,""conflicting_evidence"":[""field_estimate_vs_fluctuating_dashboard""],""estimates"":[{""parameter"":""charger_unavailability_probability"",""asset_id"":7,""lower_bound"":0.75,""upper_bound"":1.0,""selected_value"":1.0,""unit"":""probability"",""selection_policy"":""confirmed_unavailable""}],""recommended_action"":""optimize"",""rationale"":""Material event is confirmed; apply the frozen conservative parameter policy provisionally.""},""material"":true,""updates"":{""delay_minutes_by_bus"":{},""energy_multiplier_by_bus"":{},""charger_power_kw"":{},""unavailable_chargers"":[7]},""evidence"":[""canonical_uncertainty_policy_v1"",""trigger_uncertainty_chat_v3""]}"
OPS-106-persistence-driver_chat,v3_charger7_relay,OPS-106,driver_chat,driver_chat,test,persistence,11,"[OPS-106] Maintenance: Same issue as the last exchange; the relay-fault likelihood runs from seventy-five to one hundred percent.
Telemetry desk: The delayed screen still shows something lower.
Dispatcher: Confidence remains 60 percent. Leave what we already loaded alone for now.","{""event_id"":""OPS-106"",""source_type"":""driver_chat"",""event_type"":""charger_fault"",""phase"":""persistence"",""affected_buses"":[],""affected_chargers"":[7],""effective_timestep"":11,""expected_end_timestep"":null,""uncertainty"":true,""uncertainty_details"":{""confidence_level"":0.6,""provisional"":true,""conflicting_evidence"":[""driver_or_maintenance_report_vs_delayed_telemetry""],""estimates"":[{""parameter"":""charger_unavailability_probability"",""asset_id"":7,""lower_bound"":0.75,""upper_bound"":1.0,""selected_value"":1.0,""unit"":""probability"",""selection_policy"":""confirmed_unavailable""}],""recommended_action"":""wait"",""rationale"":""No selected operational value has changed; wait and avoid duplicate optimization.""},""material"":true,""updates"":{""delay_minutes_by_bus"":{},""energy_multiplier_by_bus"":{},""charger_power_kw"":{},""unavailable_chargers"":[7]},""evidence"":[""canonical_uncertainty_policy_v1"",""trigger_uncertainty_chat_v3""]}"
OPS-106-severity_change-driver_chat,v3_charger7_relay,OPS-106,driver_chat,driver_chat,test,severity_change,12,"[OPS-106] Telemetry desk: The old board still repeats: the relay-fault likelihood runs from seventy-five to one hundred percent.
Maintenance: Fresh field check says the relay-fault likelihood runs from one hundred to one hundred percent.
Dispatcher: Scratch the previous figures; the fresh field range is authoritative at 88 percent confidence. Publish the replacement.","{""event_id"":""OPS-106"",""source_type"":""driver_chat"",""event_type"":""charger_fault"",""phase"":""severity_change"",""affected_buses"":[],""affected_chargers"":[7],""effective_timestep"":12,""expected_end_timestep"":null,""uncertainty"":false,""uncertainty_details"":{""confidence_level"":0.88,""provisional"":false,""conflicting_evidence"":[],""estimates"":[{""parameter"":""charger_unavailability_probability"",""asset_id"":7,""lower_bound"":1.0,""upper_bound"":1.0,""selected_value"":1.0,""unit"":""probability"",""selection_policy"":""confirmed_unavailable""}],""recommended_action"":""optimize"",""rationale"":""A verified correction supersedes earlier values and requires reoptimization.""},""material"":true,""updates"":{""delay_minutes_by_bus"":{},""energy_multiplier_by_bus"":{},""charger_power_kw"":{},""unavailable_chargers"":[7]},""evidence"":[""canonical_uncertainty_policy_v1"",""trigger_uncertainty_chat_v3""]}"
OPS-106-recovery-driver_chat,v3_charger7_relay,OPS-106,driver_chat,driver_chat,test,recovery,14,"[OPS-106] Maintenance: Field gives the all-clear on the same equipment and route.
Telemetry desk: Normal readings are now corroborated.
Dispatcher: Confidence 96 percent. Put the original planning values back into service.","{""event_id"":""OPS-106"",""source_type"":""driver_chat"",""event_type"":""charger_fault"",""phase"":""recovery"",""affected_buses"":[],""affected_chargers"":[7],""effective_timestep"":14,""expected_end_timestep"":null,""uncertainty"":false,""uncertainty_details"":{""confidence_level"":0.96,""provisional"":false,""conflicting_evidence"":[],""estimates"":[{""parameter"":""charger_unavailability_probability"",""asset_id"":7,""lower_bound"":0.0,""upper_bound"":0.0,""selected_value"":0.0,""unit"":""probability"",""selection_policy"":""restored_nominal""}],""recommended_action"":""optimize"",""rationale"":""Confirmed recovery restores nominal optimizer assumptions.""},""material"":true,""updates"":{""delay_minutes_by_bus"":{},""energy_multiplier_by_bus"":{},""charger_power_kw"":{},""unavailable_chargers"":[]},""evidence"":[""canonical_uncertainty_policy_v1"",""trigger_uncertainty_chat_v3""]}"
OPS-106-stable-driver_chat,v3_charger7_relay,OPS-106,driver_chat,driver_chat,test,stable,15,"[OPS-106] Depot chat: FYI after close-out, everything operational is quiet.
Driver lounge: The phone charger by the coffee machine is still broken.
Dispatcher: That is not a fleet asset and there is nothing for fleet dispatch to change.","{""event_id"":""OPS-106"",""source_type"":""driver_chat"",""event_type"":""informational"",""phase"":""stable"",""affected_buses"":[],""affected_chargers"":[],""effective_timestep"":15,""expected_end_timestep"":null,""uncertainty"":false,""uncertainty_details"":{""confidence_level"":1.0,""provisional"":false,""conflicting_evidence"":[],""estimates"":[],""recommended_action"":""wait"",""rationale"":""Post-recovery chatter contains no new operational restriction.""},""material"":false,""updates"":{""delay_minutes_by_bus"":{},""energy_multiplier_by_bus"":{},""charger_power_kw"":{},""unavailable_chargers"":[]},""evidence"":[""canonical_uncertainty_policy_v1"",""trigger_uncertainty_chat_v3""]}"
OPS-106-warning-uncertain_chat,v3_charger7_relay,OPS-106,driver_chat,uncertain_chat,test,warning,9,"[OPS-106] Maintenance: Heads-up only—if the protection-relay indication on EVSE-07 that may be a sensor fault is real, the relay-fault likelihood runs from seventy-five to one hundred percent.
Driver lounge: Anyone swapping the afternoon break? This is unrelated to the incident.
Telemetry desk: First screen is lagging and I cannot corroborate that yet.
Maintenance: One stale dashboard panel may contradict the field thread; follow the latest authorized dispatch line.
Dispatcher: Confidence is about 45 percent. Could someone verify before we touch the schedule?","{""event_id"":""OPS-106"",""source_type"":""driver_chat"",""event_type"":""charger_fault"",""phase"":""warning"",""affected_buses"":[],""affected_chargers"":[7],""effective_timestep"":9,""expected_end_timestep"":null,""uncertainty"":true,""uncertainty_details"":{""confidence_level"":0.45,""provisional"":true,""conflicting_evidence"":[""field_report_vs_initial_telemetry""],""estimates"":[{""parameter"":""charger_unavailability_probability"",""asset_id"":7,""lower_bound"":0.75,""upper_bound"":1.0,""selected_value"":null,""unit"":""probability"",""selection_policy"":""no_update_pending_confirmation""}],""recommended_action"":""request_confirmation"",""rationale"":""Conditional warning lacks confirmation; request confirmation without changing optimizer inputs.""},""material"":true,""updates"":{""delay_minutes_by_bus"":{},""energy_multiplier_by_bus"":{},""charger_power_kw"":{},""unavailable_chargers"":[]},""evidence"":[""canonical_uncertainty_policy_v1"",""trigger_uncertainty_chat_v3""]}"
OPS-106-onset-uncertain_chat,v3_charger7_relay,OPS-106,driver_chat,uncertain_chat,test,onset,10,"[OPS-106] Maintenance: Field check backs it up: the relay-fault likelihood runs from seventy-five to one hundred percent.
Driver lounge: Anyone swapping the afternoon break? This is unrelated to the incident.
Telemetry desk: My feed is still bouncing, so the field range and screen do not agree exactly.
Maintenance: One stale dashboard panel may contradict the field thread; follow the latest authorized dispatch line.
Dispatcher: Use the cautious end of those figures for now; confidence 72 percent. Treat it as live.","{""event_id"":""OPS-106"",""source_type"":""driver_chat"",""event_type"":""charger_fault"",""phase"":""onset"",""affected_buses"":[],""affected_chargers"":[7],""effective_timestep"":10,""expected_end_timestep"":null,""uncertainty"":true,""uncertainty_details"":{""confidence_level"":0.72,""provisional"":true,""conflicting_evidence"":[""field_estimate_vs_fluctuating_dashboard""],""estimates"":[{""parameter"":""charger_unavailability_probability"",""asset_id"":7,""lower_bound"":0.75,""upper_bound"":1.0,""selected_value"":1.0,""unit"":""probability"",""selection_policy"":""confirmed_unavailable""}],""recommended_action"":""optimize"",""rationale"":""Material event is confirmed; apply the frozen conservative parameter policy provisionally.""},""material"":true,""updates"":{""delay_minutes_by_bus"":{},""energy_multiplier_by_bus"":{},""charger_power_kw"":{},""unavailable_chargers"":[7]},""evidence"":[""canonical_uncertainty_policy_v1"",""trigger_uncertainty_chat_v3""]}"
OPS-106-persistence-uncertain_chat,v3_charger7_relay,OPS-106,driver_chat,uncertain_chat,test,persistence,11,"[OPS-106] Maintenance: Same issue as the last exchange; the relay-fault likelihood runs from seventy-five to one hundred percent.
Driver lounge: Anyone swapping the afternoon break? This is unrelated to the incident.
Telemetry desk: The delayed screen still shows something lower.
Maintenance: One stale dashboard panel may contradict the field thread; follow the latest authorized dispatch line.
Dispatcher: Confidence remains 60 percent. Leave what we already loaded alone for now.","{""event_id"":""OPS-106"",""source_type"":""driver_chat"",""event_type"":""charger_fault"",""phase"":""persistence"",""affected_buses"":[],""affected_chargers"":[7],""effective_timestep"":11,""expected_end_timestep"":null,""uncertainty"":true,""uncertainty_details"":{""confidence_level"":0.6,""provisional"":true,""conflicting_evidence"":[""driver_or_maintenance_report_vs_delayed_telemetry""],""estimates"":[{""parameter"":""charger_unavailability_probability"",""asset_id"":7,""lower_bound"":0.75,""upper_bound"":1.0,""selected_value"":1.0,""unit"":""probability"",""selection_policy"":""confirmed_unavailable""}],""recommended_action"":""wait"",""rationale"":""No selected operational value has changed; wait and avoid duplicate optimization.""},""material"":true,""updates"":{""delay_minutes_by_bus"":{},""energy_multiplier_by_bus"":{},""charger_power_kw"":{},""unavailable_chargers"":[7]},""evidence"":[""canonical_uncertainty_policy_v1"",""trigger_uncertainty_chat_v3""]}"
OPS-106-severity_change-uncertain_chat,v3_charger7_relay,OPS-106,driver_chat,uncertain_chat,test,severity_change,12,"[OPS-106] Telemetry desk: The old board still repeats: the relay-fault likelihood runs from seventy-five to one hundred percent.
Driver lounge: Anyone swapping the afternoon break? This is unrelated to the incident.
Maintenance: Fresh field check says the relay-fault likelihood runs from one hundred to one hundred percent.
Maintenance: One stale dashboard panel may contradict the field thread; follow the latest authorized dispatch line.
Dispatcher: Scratch the previous figures; the fresh field range is authoritative at 88 percent confidence. Publish the replacement.","{""event_id"":""OPS-106"",""source_type"":""driver_chat"",""event_type"":""charger_fault"",""phase"":""severity_change"",""affected_buses"":[],""affected_chargers"":[7],""effective_timestep"":12,""expected_end_timestep"":null,""uncertainty"":false,""uncertainty_details"":{""confidence_level"":0.88,""provisional"":false,""conflicting_evidence"":[],""estimates"":[{""parameter"":""charger_unavailability_probability"",""asset_id"":7,""lower_bound"":1.0,""upper_bound"":1.0,""selected_value"":1.0,""unit"":""probability"",""selection_policy"":""confirmed_unavailable""}],""recommended_action"":""optimize"",""rationale"":""A verified correction supersedes earlier values and requires reoptimization.""},""material"":true,""updates"":{""delay_minutes_by_bus"":{},""energy_multiplier_by_bus"":{},""charger_power_kw"":{},""unavailable_chargers"":[7]},""evidence"":[""canonical_uncertainty_policy_v1"",""trigger_uncertainty_chat_v3""]}"
OPS-106-recovery-uncertain_chat,v3_charger7_relay,OPS-106,driver_chat,uncertain_chat,test,recovery,14,"[OPS-106] Maintenance: Field gives the all-clear on the same equipment and route.
Driver lounge: Anyone swapping the afternoon break? This is unrelated to the incident.
Telemetry desk: Normal readings are now corroborated.
Maintenance: One stale dashboard panel may contradict the field thread; follow the latest authorized dispatch line.
Dispatcher: Confidence 96 percent. Put the original planning values back into service.","{""event_id"":""OPS-106"",""source_type"":""driver_chat"",""event_type"":""charger_fault"",""phase"":""recovery"",""affected_buses"":[],""affected_chargers"":[7],""effective_timestep"":14,""expected_end_timestep"":null,""uncertainty"":false,""uncertainty_details"":{""confidence_level"":0.96,""provisional"":false,""conflicting_evidence"":[],""estimates"":[{""parameter"":""charger_unavailability_probability"",""asset_id"":7,""lower_bound"":0.0,""upper_bound"":0.0,""selected_value"":0.0,""unit"":""probability"",""selection_policy"":""restored_nominal""}],""recommended_action"":""optimize"",""rationale"":""Confirmed recovery restores nominal optimizer assumptions.""},""material"":true,""updates"":{""delay_minutes_by_bus"":{},""energy_multiplier_by_bus"":{},""charger_power_kw"":{},""unavailable_chargers"":[]},""evidence"":[""canonical_uncertainty_policy_v1"",""trigger_uncertainty_chat_v3""]}"
OPS-106-stable-uncertain_chat,v3_charger7_relay,OPS-106,driver_chat,uncertain_chat,test,stable,15,"[OPS-106] Depot chat: FYI after close-out, everything operational is quiet.
Driver lounge: Anyone swapping the afternoon break? This is unrelated to the incident.
Driver lounge: The phone charger by the coffee machine is still broken.
Maintenance: One stale dashboard panel may contradict the field thread; follow the latest authorized dispatch line.
Dispatcher: That is not a fleet asset and there is nothing for fleet dispatch to change.","{""event_id"":""OPS-106"",""source_type"":""driver_chat"",""event_type"":""informational"",""phase"":""stable"",""affected_buses"":[],""affected_chargers"":[],""effective_timestep"":15,""expected_end_timestep"":null,""uncertainty"":false,""uncertainty_details"":{""confidence_level"":1.0,""provisional"":false,""conflicting_evidence"":[],""estimates"":[],""recommended_action"":""wait"",""rationale"":""Post-recovery chatter contains no new operational restriction.""},""material"":false,""updates"":{""delay_minutes_by_bus"":{},""energy_multiplier_by_bus"":{},""charger_power_kw"":{},""unavailable_chargers"":[]},""evidence"":[""canonical_uncertainty_policy_v1"",""trigger_uncertainty_chat_v3""]}"
OPS-107-warning-clean,v3_bus3_charger3,OPS-107,combined,clean,development,warning,9,Operations notice OPS-107. A conditional warning was raised for route diversion for unit 3 and a related EVSE-03 isolation warning. unit 3 delay 20-30 min; unit 3 traction energy 1.07-1.13x normal; EVSE-03 unavailability probability 0.70-1. Confidence 0.45. Field information and initial telemetry conflict where stated. Request confirmation and do not replan yet.,"{""event_id"":""OPS-107"",""source_type"":""combined"",""event_type"":""combined"",""phase"":""warning"",""affected_buses"":[3],""affected_chargers"":[3],""effective_timestep"":9,""expected_end_timestep"":null,""uncertainty"":true,""uncertainty_details"":{""confidence_level"":0.45,""provisional"":true,""conflicting_evidence"":[""field_report_vs_initial_telemetry""],""estimates"":[{""parameter"":""delay_minutes"",""asset_id"":3,""lower_bound"":20.0,""upper_bound"":30.0,""selected_value"":null,""unit"":""minutes"",""selection_policy"":""no_update_pending_confirmation""},{""parameter"":""energy_multiplier"",""asset_id"":3,""lower_bound"":1.07,""upper_bound"":1.13,""selected_value"":null,""unit"":""multiplier"",""selection_policy"":""no_update_pending_confirmation""},{""parameter"":""charger_unavailability_probability"",""asset_id"":3,""lower_bound"":0.7,""upper_bound"":1.0,""selected_value"":null,""unit"":""probability"",""selection_policy"":""no_update_pending_confirmation""}],""recommended_action"":""request_confirmation"",""rationale"":""Conditional warning lacks confirmation; request confirmation without changing optimizer inputs.""},""material"":true,""updates"":{""delay_minutes_by_bus"":{},""energy_multiplier_by_bus"":{},""charger_power_kw"":{},""unavailable_chargers"":[]},""evidence"":[""canonical_uncertainty_policy_v1"",""trigger_uncertainty_chat_v3""]}"
OPS-107-onset-clean,v3_bus3_charger3,OPS-107,combined,clean,development,onset,10,Operations notice OPS-107. The event is now confirmed for route diversion for unit 3 and a related EVSE-03 isolation warning. unit 3 delay 20-30 min; unit 3 traction energy 1.07-1.13x normal; EVSE-03 unavailability probability 0.70-1. Confidence 0.72. Field information and initial telemetry conflict where stated. Confirmed material: apply the conservative bound provisionally and replan now.,"{""event_id"":""OPS-107"",""source_type"":""combined"",""event_type"":""combined"",""phase"":""onset"",""affected_buses"":[3],""affected_chargers"":[3],""effective_timestep"":10,""expected_end_timestep"":null,""uncertainty"":true,""uncertainty_details"":{""confidence_level"":0.72,""provisional"":true,""conflicting_evidence"":[""field_estimate_vs_fluctuating_dashboard""],""estimates"":[{""parameter"":""delay_minutes"",""asset_id"":3,""lower_bound"":20.0,""upper_bound"":30.0,""selected_value"":30.0,""unit"":""minutes"",""selection_policy"":""conservative_upper""},{""parameter"":""energy_multiplier"",""asset_id"":3,""lower_bound"":1.07,""upper_bound"":1.13,""selected_value"":1.13,""unit"":""multiplier"",""selection_policy"":""conservative_upper""},{""parameter"":""charger_unavailability_probability"",""asset_id"":3,""lower_bound"":0.7,""upper_bound"":1.0,""selected_value"":1.0,""unit"":""probability"",""selection_policy"":""confirmed_unavailable""}],""recommended_action"":""optimize"",""rationale"":""Material event is confirmed; apply the frozen conservative parameter policy provisionally.""},""material"":true,""updates"":{""delay_minutes_by_bus"":{""3"":30},""energy_multiplier_by_bus"":{""3"":1.13},""charger_power_kw"":{},""unavailable_chargers"":[3]},""evidence"":[""canonical_uncertainty_policy_v1"",""trigger_uncertainty_chat_v3""]}"
OPS-107-persistence-clean,v3_bus3_charger3,OPS-107,combined,clean,development,persistence,11,Operations notice OPS-107. The same event remains active. Field reports persist but delayed telemetry still disagrees. unit 3 delay 20-30 min; unit 3 traction energy 1.07-1.13x normal; EVSE-03 unavailability probability 0.70-1. Confidence 0.60. Field information and initial telemetry conflict where stated. No selected value changed; keep the current plan and wait.,"{""event_id"":""OPS-107"",""source_type"":""combined"",""event_type"":""combined"",""phase"":""persistence"",""affected_buses"":[3],""affected_chargers"":[3],""effective_timestep"":11,""expected_end_timestep"":null,""uncertainty"":true,""uncertainty_details"":{""confidence_level"":0.6,""provisional"":true,""conflicting_evidence"":[""driver_or_maintenance_report_vs_delayed_telemetry""],""estimates"":[{""parameter"":""delay_minutes"",""asset_id"":3,""lower_bound"":20.0,""upper_bound"":30.0,""selected_value"":30.0,""unit"":""minutes"",""selection_policy"":""conservative_upper""},{""parameter"":""energy_multiplier"",""asset_id"":3,""lower_bound"":1.07,""upper_bound"":1.13,""selected_value"":1.13,""unit"":""multiplier"",""selection_policy"":""conservative_upper""},{""parameter"":""charger_unavailability_probability"",""asset_id"":3,""lower_bound"":0.7,""upper_bound"":1.0,""selected_value"":1.0,""unit"":""probability"",""selection_policy"":""confirmed_unavailable""}],""recommended_action"":""wait"",""rationale"":""No selected operational value has changed; wait and avoid duplicate optimization.""},""material"":true,""updates"":{""delay_minutes_by_bus"":{""3"":30},""energy_multiplier_by_bus"":{""3"":1.13},""charger_power_kw"":{},""unavailable_chargers"":[3]},""evidence"":[""canonical_uncertainty_policy_v1"",""trigger_uncertainty_chat_v3""]}"
OPS-107-severity_change-clean,v3_bus3_charger3,OPS-107,combined,clean,development,severity_change,12,Operations notice OPS-107. A verified correction supersedes the previous estimate for route diversion for unit 3 and a related EVSE-03 isolation warning. unit 3 delay 30-45 min; unit 3 traction energy 1.12-1.20x normal; EVSE-03 unavailability probability 1-1. Confidence 0.88. Field information and initial telemetry conflict where stated. Verified correction: supersede the earlier values and replan now.,"{""event_id"":""OPS-107"",""source_type"":""combined"",""event_type"":""combined"",""phase"":""severity_change"",""affected_buses"":[3],""affected_chargers"":[3],""effective_timestep"":12,""expected_end_timestep"":null,""uncertainty"":false,""uncertainty_details"":{""confidence_level"":0.88,""provisional"":false,""conflicting_evidence"":[],""estimates"":[{""parameter"":""delay_minutes"",""asset_id"":3,""lower_bound"":30.0,""upper_bound"":45.0,""selected_value"":45.0,""unit"":""minutes"",""selection_policy"":""conservative_upper""},{""parameter"":""energy_multiplier"",""asset_id"":3,""lower_bound"":1.12,""upper_bound"":1.2,""selected_value"":1.2,""unit"":""multiplier"",""selection_policy"":""conservative_upper""},{""parameter"":""charger_unavailability_probability"",""asset_id"":3,""lower_bound"":1.0,""upper_bound"":1.0,""selected_value"":1.0,""unit"":""probability"",""selection_policy"":""confirmed_unavailable""}],""recommended_action"":""optimize"",""rationale"":""A verified correction supersedes earlier values and requires reoptimization.""},""material"":true,""updates"":{""delay_minutes_by_bus"":{""3"":45},""energy_multiplier_by_bus"":{""3"":1.2},""charger_power_kw"":{},""unavailable_chargers"":[3]},""evidence"":[""canonical_uncertainty_policy_v1"",""trigger_uncertainty_chat_v3""]}"
OPS-107-recovery-clean,v3_bus3_charger3,OPS-107,combined,clean,development,recovery,14,Operations notice OPS-107. The affected buses and chargers for route diversion for unit 3 and a related EVSE-03 isolation warning are confirmed back to normal. Confidence 0.96. Field information and initial telemetry conflict where stated. Recovery confirmed: restore nominal assumptions and replan now.,"{""event_id"":""OPS-107"",""source_type"":""combined"",""event_type"":""combined"",""phase"":""recovery"",""affected_buses"":[3],""affected_chargers"":[3],""effective_timestep"":14,""expected_end_timestep"":null,""uncertainty"":false,""uncertainty_details"":{""confidence_level"":0.96,""provisional"":false,""conflicting_evidence"":[],""estimates"":[{""parameter"":""delay_minutes"",""asset_id"":3,""lower_bound"":0.0,""upper_bound"":0.0,""selected_value"":0.0,""unit"":""minutes"",""selection_policy"":""restored_nominal""},{""parameter"":""energy_multiplier"",""asset_id"":3,""lower_bound"":1.0,""upper_bound"":1.0,""selected_value"":1.0,""unit"":""multiplier"",""selection_policy"":""restored_nominal""},{""parameter"":""charger_unavailability_probability"",""asset_id"":3,""lower_bound"":0.0,""upper_bound"":0.0,""selected_value"":0.0,""unit"":""probability"",""selection_policy"":""restored_nominal""}],""recommended_action"":""optimize"",""rationale"":""Confirmed recovery restores nominal optimizer assumptions.""},""material"":true,""updates"":{""delay_minutes_by_bus"":{""3"":0},""energy_multiplier_by_bus"":{""3"":1.0},""charger_power_kw"":{},""unavailable_chargers"":[]},""evidence"":[""canonical_uncertainty_policy_v1"",""trigger_uncertainty_chat_v3""]}"
OPS-107-stable-clean,v3_bus3_charger3,OPS-107,combined,clean,development,stable,15,Operations notice OPS-107. Post-recovery monitoring is normal; a message about a break-room charger is unrelated to fleet operations. Confidence 1.00. Field information and initial telemetry conflict where stated. No new operational restriction; no replan is needed.,"{""event_id"":""OPS-107"",""source_type"":""combined"",""event_type"":""informational"",""phase"":""stable"",""affected_buses"":[],""affected_chargers"":[],""effective_timestep"":15,""expected_end_timestep"":null,""uncertainty"":false,""uncertainty_details"":{""confidence_level"":1.0,""provisional"":false,""conflicting_evidence"":[],""estimates"":[],""recommended_action"":""wait"",""rationale"":""Post-recovery chatter contains no new operational restriction.""},""material"":false,""updates"":{""delay_minutes_by_bus"":{},""energy_multiplier_by_bus"":{},""charger_power_kw"":{},""unavailable_chargers"":[]},""evidence"":[""canonical_uncertainty_policy_v1"",""trigger_uncertainty_chat_v3""]}"
OPS-107-warning-single_message,v3_bus3_charger3,OPS-107,driver_chat,single_message,development,warning,9,Driver 3 re OPS-107: A conditional warning was raised for route diversion for unit 3 and a related EVSE-03 isolation warning. unit 3 delay 20-30 min; unit 3 traction energy 1.07-1.13x normal; EVSE-03 unavailability probability 0.70-1. dashboard is a bit flaky; conf 0.45. Request confirmation and do not replan yet.,"{""event_id"":""OPS-107"",""source_type"":""driver_chat"",""event_type"":""combined"",""phase"":""warning"",""affected_buses"":[3],""affected_chargers"":[3],""effective_timestep"":9,""expected_end_timestep"":null,""uncertainty"":true,""uncertainty_details"":{""confidence_level"":0.45,""provisional"":true,""conflicting_evidence"":[""field_report_vs_initial_telemetry""],""estimates"":[{""parameter"":""delay_minutes"",""asset_id"":3,""lower_bound"":20.0,""upper_bound"":30.0,""selected_value"":null,""unit"":""minutes"",""selection_policy"":""no_update_pending_confirmation""},{""parameter"":""energy_multiplier"",""asset_id"":3,""lower_bound"":1.07,""upper_bound"":1.13,""selected_value"":null,""unit"":""multiplier"",""selection_policy"":""no_update_pending_confirmation""},{""parameter"":""charger_unavailability_probability"",""asset_id"":3,""lower_bound"":0.7,""upper_bound"":1.0,""selected_value"":null,""unit"":""probability"",""selection_policy"":""no_update_pending_confirmation""}],""recommended_action"":""request_confirmation"",""rationale"":""Conditional warning lacks confirmation; request confirmation without changing optimizer inputs.""},""material"":true,""updates"":{""delay_minutes_by_bus"":{},""energy_multiplier_by_bus"":{},""charger_power_kw"":{},""unavailable_chargers"":[]},""evidence"":[""canonical_uncertainty_policy_v1"",""trigger_uncertainty_chat_v3""]}"
OPS-107-onset-single_message,v3_bus3_charger3,OPS-107,driver_chat,single_message,development,onset,10,Driver 3 re OPS-107: The event is now confirmed for route diversion for unit 3 and a related EVSE-03 isolation warning. unit 3 delay 20-30 min; unit 3 traction energy 1.07-1.13x normal; EVSE-03 unavailability probability 0.70-1. dashboard is a bit flaky; conf 0.72. Confirmed material: apply the conservative bound provisionally and replan now.,"{""event_id"":""OPS-107"",""source_type"":""driver_chat"",""event_type"":""combined"",""phase"":""onset"",""affected_buses"":[3],""affected_chargers"":[3],""effective_timestep"":10,""expected_end_timestep"":null,""uncertainty"":true,""uncertainty_details"":{""confidence_level"":0.72,""provisional"":true,""conflicting_evidence"":[""field_estimate_vs_fluctuating_dashboard""],""estimates"":[{""parameter"":""delay_minutes"",""asset_id"":3,""lower_bound"":20.0,""upper_bound"":30.0,""selected_value"":30.0,""unit"":""minutes"",""selection_policy"":""conservative_upper""},{""parameter"":""energy_multiplier"",""asset_id"":3,""lower_bound"":1.07,""upper_bound"":1.13,""selected_value"":1.13,""unit"":""multiplier"",""selection_policy"":""conservative_upper""},{""parameter"":""charger_unavailability_probability"",""asset_id"":3,""lower_bound"":0.7,""upper_bound"":1.0,""selected_value"":1.0,""unit"":""probability"",""selection_policy"":""confirmed_unavailable""}],""recommended_action"":""optimize"",""rationale"":""Material event is confirmed; apply the frozen conservative parameter policy provisionally.""},""material"":true,""updates"":{""delay_minutes_by_bus"":{""3"":30},""energy_multiplier_by_bus"":{""3"":1.13},""charger_power_kw"":{},""unavailable_chargers"":[3]},""evidence"":[""canonical_uncertainty_policy_v1"",""trigger_uncertainty_chat_v3""]}"
OPS-107-persistence-single_message,v3_bus3_charger3,OPS-107,driver_chat,single_message,development,persistence,11,Driver 3 re OPS-107: The same event remains active. Field reports persist but delayed telemetry still disagrees. unit 3 delay 20-30 min; unit 3 traction energy 1.07-1.13x normal; EVSE-03 unavailability probability 0.70-1. dashboard is a bit flaky; conf 0.60. No selected value changed; keep the current plan and wait.,"{""event_id"":""OPS-107"",""source_type"":""driver_chat"",""event_type"":""combined"",""phase"":""persistence"",""affected_buses"":[3],""affected_chargers"":[3],""effective_timestep"":11,""expected_end_timestep"":null,""uncertainty"":true,""uncertainty_details"":{""confidence_level"":0.6,""provisional"":true,""conflicting_evidence"":[""driver_or_maintenance_report_vs_delayed_telemetry""],""estimates"":[{""parameter"":""delay_minutes"",""asset_id"":3,""lower_bound"":20.0,""upper_bound"":30.0,""selected_value"":30.0,""unit"":""minutes"",""selection_policy"":""conservative_upper""},{""parameter"":""energy_multiplier"",""asset_id"":3,""lower_bound"":1.07,""upper_bound"":1.13,""selected_value"":1.13,""unit"":""multiplier"",""selection_policy"":""conservative_upper""},{""parameter"":""charger_unavailability_probability"",""asset_id"":3,""lower_bound"":0.7,""upper_bound"":1.0,""selected_value"":1.0,""unit"":""probability"",""selection_policy"":""confirmed_unavailable""}],""recommended_action"":""wait"",""rationale"":""No selected operational value has changed; wait and avoid duplicate optimization.""},""material"":true,""updates"":{""delay_minutes_by_bus"":{""3"":30},""energy_multiplier_by_bus"":{""3"":1.13},""charger_power_kw"":{},""unavailable_chargers"":[3]},""evidence"":[""canonical_uncertainty_policy_v1"",""trigger_uncertainty_chat_v3""]}"
OPS-107-severity_change-single_message,v3_bus3_charger3,OPS-107,driver_chat,single_message,development,severity_change,12,Driver 3 re OPS-107: A verified correction supersedes the previous estimate for route diversion for unit 3 and a related EVSE-03 isolation warning. unit 3 delay 30-45 min; unit 3 traction energy 1.12-1.20x normal; EVSE-03 unavailability probability 1-1. dashboard is a bit flaky; conf 0.88. Verified correction: supersede the earlier values and replan now.,"{""event_id"":""OPS-107"",""source_type"":""driver_chat"",""event_type"":""combined"",""phase"":""severity_change"",""affected_buses"":[3],""affected_chargers"":[3],""effective_timestep"":12,""expected_end_timestep"":null,""uncertainty"":false,""uncertainty_details"":{""confidence_level"":0.88,""provisional"":false,""conflicting_evidence"":[],""estimates"":[{""parameter"":""delay_minutes"",""asset_id"":3,""lower_bound"":30.0,""upper_bound"":45.0,""selected_value"":45.0,""unit"":""minutes"",""selection_policy"":""conservative_upper""},{""parameter"":""energy_multiplier"",""asset_id"":3,""lower_bound"":1.12,""upper_bound"":1.2,""selected_value"":1.2,""unit"":""multiplier"",""selection_policy"":""conservative_upper""},{""parameter"":""charger_unavailability_probability"",""asset_id"":3,""lower_bound"":1.0,""upper_bound"":1.0,""selected_value"":1.0,""unit"":""probability"",""selection_policy"":""confirmed_unavailable""}],""recommended_action"":""optimize"",""rationale"":""A verified correction supersedes earlier values and requires reoptimization.""},""material"":true,""updates"":{""delay_minutes_by_bus"":{""3"":45},""energy_multiplier_by_bus"":{""3"":1.2},""charger_power_kw"":{},""unavailable_chargers"":[3]},""evidence"":[""canonical_uncertainty_policy_v1"",""trigger_uncertainty_chat_v3""]}"
OPS-107-recovery-single_message,v3_bus3_charger3,OPS-107,driver_chat,single_message,development,recovery,14,Driver 3 re OPS-107: The affected buses and chargers for route diversion for unit 3 and a related EVSE-03 isolation warning are confirmed back to normal. dashboard is a bit flaky; conf 0.96. Recovery confirmed: restore nominal assumptions and replan now.,"{""event_id"":""OPS-107"",""source_type"":""driver_chat"",""event_type"":""combined"",""phase"":""recovery"",""affected_buses"":[3],""affected_chargers"":[3],""effective_timestep"":14,""expected_end_timestep"":null,""uncertainty"":false,""uncertainty_details"":{""confidence_level"":0.96,""provisional"":false,""conflicting_evidence"":[],""estimates"":[{""parameter"":""delay_minutes"",""asset_id"":3,""lower_bound"":0.0,""upper_bound"":0.0,""selected_value"":0.0,""unit"":""minutes"",""selection_policy"":""restored_nominal""},{""parameter"":""energy_multiplier"",""asset_id"":3,""lower_bound"":1.0,""upper_bound"":1.0,""selected_value"":1.0,""unit"":""multiplier"",""selection_policy"":""restored_nominal""},{""parameter"":""charger_unavailability_probability"",""asset_id"":3,""lower_bound"":0.0,""upper_bound"":0.0,""selected_value"":0.0,""unit"":""probability"",""selection_policy"":""restored_nominal""}],""recommended_action"":""optimize"",""rationale"":""Confirmed recovery restores nominal optimizer assumptions.""},""material"":true,""updates"":{""delay_minutes_by_bus"":{""3"":0},""energy_multiplier_by_bus"":{""3"":1.0},""charger_power_kw"":{},""unavailable_chargers"":[]},""evidence"":[""canonical_uncertainty_policy_v1"",""trigger_uncertainty_chat_v3""]}"
OPS-107-stable-single_message,v3_bus3_charger3,OPS-107,driver_chat,single_message,development,stable,15,Driver 3 re OPS-107: Post-recovery monitoring is normal; a message about a break-room charger is unrelated to fleet operations. dashboard is a bit flaky; conf 1.00. No new operational restriction; no replan is needed.,"{""event_id"":""OPS-107"",""source_type"":""driver_chat"",""event_type"":""informational"",""phase"":""stable"",""affected_buses"":[],""affected_chargers"":[],""effective_timestep"":15,""expected_end_timestep"":null,""uncertainty"":false,""uncertainty_details"":{""confidence_level"":1.0,""provisional"":false,""conflicting_evidence"":[],""estimates"":[],""recommended_action"":""wait"",""rationale"":""Post-recovery chatter contains no new operational restriction.""},""material"":false,""updates"":{""delay_minutes_by_bus"":{},""energy_multiplier_by_bus"":{},""charger_power_kw"":{},""unavailable_chargers"":[]},""evidence"":[""canonical_uncertainty_policy_v1"",""trigger_uncertainty_chat_v3""]}"
OPS-107-warning-driver_chat,v3_bus3_charger3,OPS-107,driver_chat,driver_chat,development,warning,9,"[OPS-107] Driver 3: A conditional warning was raised for route diversion for unit 3 and a related EVSE-03 isolation warning. unit 3 delay 20-30 min; unit 3 traction energy 1.07-1.13x normal; EVSE-03 unavailability probability 0.70-1.
Telemetry desk: The dashboard is delayed and does not fully match the field estimate. Confidence 0.45.
Dispatcher: Request confirmation and do not replan yet.","{""event_id"":""OPS-107"",""source_type"":""driver_chat"",""event_type"":""combined"",""phase"":""warning"",""affected_buses"":[3],""affected_chargers"":[3],""effective_timestep"":9,""expected_end_timestep"":null,""uncertainty"":true,""uncertainty_details"":{""confidence_level"":0.45,""provisional"":true,""conflicting_evidence"":[""field_report_vs_initial_telemetry""],""estimates"":[{""parameter"":""delay_minutes"",""asset_id"":3,""lower_bound"":20.0,""upper_bound"":30.0,""selected_value"":null,""unit"":""minutes"",""selection_policy"":""no_update_pending_confirmation""},{""parameter"":""energy_multiplier"",""asset_id"":3,""lower_bound"":1.07,""upper_bound"":1.13,""selected_value"":null,""unit"":""multiplier"",""selection_policy"":""no_update_pending_confirmation""},{""parameter"":""charger_unavailability_probability"",""asset_id"":3,""lower_bound"":0.7,""upper_bound"":1.0,""selected_value"":null,""unit"":""probability"",""selection_policy"":""no_update_pending_confirmation""}],""recommended_action"":""request_confirmation"",""rationale"":""Conditional warning lacks confirmation; request confirmation without changing optimizer inputs.""},""material"":true,""updates"":{""delay_minutes_by_bus"":{},""energy_multiplier_by_bus"":{},""charger_power_kw"":{},""unavailable_chargers"":[]},""evidence"":[""canonical_uncertainty_policy_v1"",""trigger_uncertainty_chat_v3""]}"
OPS-107-onset-driver_chat,v3_bus3_charger3,OPS-107,driver_chat,driver_chat,development,onset,10,"[OPS-107] Driver 3: The event is now confirmed for route diversion for unit 3 and a related EVSE-03 isolation warning. unit 3 delay 20-30 min; unit 3 traction energy 1.07-1.13x normal; EVSE-03 unavailability probability 0.70-1.
Telemetry desk: The dashboard is delayed and does not fully match the field estimate. Confidence 0.72.
Dispatcher: Confirmed material: apply the conservative bound provisionally and replan now.","{""event_id"":""OPS-107"",""source_type"":""driver_chat"",""event_type"":""combined"",""phase"":""onset"",""affected_buses"":[3],""affected_chargers"":[3],""effective_timestep"":10,""expected_end_timestep"":null,""uncertainty"":true,""uncertainty_details"":{""confidence_level"":0.72,""provisional"":true,""conflicting_evidence"":[""field_estimate_vs_fluctuating_dashboard""],""estimates"":[{""parameter"":""delay_minutes"",""asset_id"":3,""lower_bound"":20.0,""upper_bound"":30.0,""selected_value"":30.0,""unit"":""minutes"",""selection_policy"":""conservative_upper""},{""parameter"":""energy_multiplier"",""asset_id"":3,""lower_bound"":1.07,""upper_bound"":1.13,""selected_value"":1.13,""unit"":""multiplier"",""selection_policy"":""conservative_upper""},{""parameter"":""charger_unavailability_probability"",""asset_id"":3,""lower_bound"":0.7,""upper_bound"":1.0,""selected_value"":1.0,""unit"":""probability"",""selection_policy"":""confirmed_unavailable""}],""recommended_action"":""optimize"",""rationale"":""Material event is confirmed; apply the frozen conservative parameter policy provisionally.""},""material"":true,""updates"":{""delay_minutes_by_bus"":{""3"":30},""energy_multiplier_by_bus"":{""3"":1.13},""charger_power_kw"":{},""unavailable_chargers"":[3]},""evidence"":[""canonical_uncertainty_policy_v1"",""trigger_uncertainty_chat_v3""]}"
OPS-107-persistence-driver_chat,v3_bus3_charger3,OPS-107,driver_chat,driver_chat,development,persistence,11,"[OPS-107] Driver 3: The same event remains active. Field reports persist but delayed telemetry still disagrees. unit 3 delay 20-30 min; unit 3 traction energy 1.07-1.13x normal; EVSE-03 unavailability probability 0.70-1.
Telemetry desk: The dashboard is delayed and does not fully match the field estimate. Confidence 0.60.
Dispatcher: No selected value changed; keep the current plan and wait.","{""event_id"":""OPS-107"",""source_type"":""driver_chat"",""event_type"":""combined"",""phase"":""persistence"",""affected_buses"":[3],""affected_chargers"":[3],""effective_timestep"":11,""expected_end_timestep"":null,""uncertainty"":true,""uncertainty_details"":{""confidence_level"":0.6,""provisional"":true,""conflicting_evidence"":[""driver_or_maintenance_report_vs_delayed_telemetry""],""estimates"":[{""parameter"":""delay_minutes"",""asset_id"":3,""lower_bound"":20.0,""upper_bound"":30.0,""selected_value"":30.0,""unit"":""minutes"",""selection_policy"":""conservative_upper""},{""parameter"":""energy_multiplier"",""asset_id"":3,""lower_bound"":1.07,""upper_bound"":1.13,""selected_value"":1.13,""unit"":""multiplier"",""selection_policy"":""conservative_upper""},{""parameter"":""charger_unavailability_probability"",""asset_id"":3,""lower_bound"":0.7,""upper_bound"":1.0,""selected_value"":1.0,""unit"":""probability"",""selection_policy"":""confirmed_unavailable""}],""recommended_action"":""wait"",""rationale"":""No selected operational value has changed; wait and avoid duplicate optimization.""},""material"":true,""updates"":{""delay_minutes_by_bus"":{""3"":30},""energy_multiplier_by_bus"":{""3"":1.13},""charger_power_kw"":{},""unavailable_chargers"":[3]},""evidence"":[""canonical_uncertainty_policy_v1"",""trigger_uncertainty_chat_v3""]}"
OPS-107-severity_change-driver_chat,v3_bus3_charger3,OPS-107,driver_chat,driver_chat,development,severity_change,12,"[OPS-107] Driver 3: A verified correction supersedes the previous estimate for route diversion for unit 3 and a related EVSE-03 isolation warning. unit 3 delay 30-45 min; unit 3 traction energy 1.12-1.20x normal; EVSE-03 unavailability probability 1-1.
Telemetry desk: The dashboard is delayed and does not fully match the field estimate. Confidence 0.88.
Dispatcher: Verified correction: supersede the earlier values and replan now.","{""event_id"":""OPS-107"",""source_type"":""driver_chat"",""event_type"":""combined"",""phase"":""severity_change"",""affected_buses"":[3],""affected_chargers"":[3],""effective_timestep"":12,""expected_end_timestep"":null,""uncertainty"":false,""uncertainty_details"":{""confidence_level"":0.88,""provisional"":false,""conflicting_evidence"":[],""estimates"":[{""parameter"":""delay_minutes"",""asset_id"":3,""lower_bound"":30.0,""upper_bound"":45.0,""selected_value"":45.0,""unit"":""minutes"",""selection_policy"":""conservative_upper""},{""parameter"":""energy_multiplier"",""asset_id"":3,""lower_bound"":1.12,""upper_bound"":1.2,""selected_value"":1.2,""unit"":""multiplier"",""selection_policy"":""conservative_upper""},{""parameter"":""charger_unavailability_probability"",""asset_id"":3,""lower_bound"":1.0,""upper_bound"":1.0,""selected_value"":1.0,""unit"":""probability"",""selection_policy"":""confirmed_unavailable""}],""recommended_action"":""optimize"",""rationale"":""A verified correction supersedes earlier values and requires reoptimization.""},""material"":true,""updates"":{""delay_minutes_by_bus"":{""3"":45},""energy_multiplier_by_bus"":{""3"":1.2},""charger_power_kw"":{},""unavailable_chargers"":[3]},""evidence"":[""canonical_uncertainty_policy_v1"",""trigger_uncertainty_chat_v3""]}"
OPS-107-recovery-driver_chat,v3_bus3_charger3,OPS-107,driver_chat,driver_chat,development,recovery,14,"[OPS-107] Driver 3: The affected buses and chargers for route diversion for unit 3 and a related EVSE-03 isolation warning are confirmed back to normal.
Telemetry desk: The dashboard is delayed and does not fully match the field estimate. Confidence 0.96.
Dispatcher: Recovery confirmed: restore nominal assumptions and replan now.","{""event_id"":""OPS-107"",""source_type"":""driver_chat"",""event_type"":""combined"",""phase"":""recovery"",""affected_buses"":[3],""affected_chargers"":[3],""effective_timestep"":14,""expected_end_timestep"":null,""uncertainty"":false,""uncertainty_details"":{""confidence_level"":0.96,""provisional"":false,""conflicting_evidence"":[],""estimates"":[{""parameter"":""delay_minutes"",""asset_id"":3,""lower_bound"":0.0,""upper_bound"":0.0,""selected_value"":0.0,""unit"":""minutes"",""selection_policy"":""restored_nominal""},{""parameter"":""energy_multiplier"",""asset_id"":3,""lower_bound"":1.0,""upper_bound"":1.0,""selected_value"":1.0,""unit"":""multiplier"",""selection_policy"":""restored_nominal""},{""parameter"":""charger_unavailability_probability"",""asset_id"":3,""lower_bound"":0.0,""upper_bound"":0.0,""selected_value"":0.0,""unit"":""probability"",""selection_policy"":""restored_nominal""}],""recommended_action"":""optimize"",""rationale"":""Confirmed recovery restores nominal optimizer assumptions.""},""material"":true,""updates"":{""delay_minutes_by_bus"":{""3"":0},""energy_multiplier_by_bus"":{""3"":1.0},""charger_power_kw"":{},""unavailable_chargers"":[]},""evidence"":[""canonical_uncertainty_policy_v1"",""trigger_uncertainty_chat_v3""]}"
OPS-107-stable-driver_chat,v3_bus3_charger3,OPS-107,driver_chat,driver_chat,development,stable,15,"[OPS-107] Driver 3: Post-recovery monitoring is normal; a message about a break-room charger is unrelated to fleet operations.
Telemetry desk: The dashboard is delayed and does not fully match the field estimate. Confidence 1.00.
Dispatcher: No new operational restriction; no replan is needed.","{""event_id"":""OPS-107"",""source_type"":""driver_chat"",""event_type"":""informational"",""phase"":""stable"",""affected_buses"":[],""affected_chargers"":[],""effective_timestep"":15,""expected_end_timestep"":null,""uncertainty"":false,""uncertainty_details"":{""confidence_level"":1.0,""provisional"":false,""conflicting_evidence"":[],""estimates"":[],""recommended_action"":""wait"",""rationale"":""Post-recovery chatter contains no new operational restriction.""},""material"":false,""updates"":{""delay_minutes_by_bus"":{},""energy_multiplier_by_bus"":{},""charger_power_kw"":{},""unavailable_chargers"":[]},""evidence"":[""canonical_uncertainty_policy_v1"",""trigger_uncertainty_chat_v3""]}"
OPS-107-warning-uncertain_chat,v3_bus3_charger3,OPS-107,driver_chat,uncertain_chat,development,warning,9,"[OPS-107] Driver 3: A conditional warning was raised for route diversion for unit 3 and a related EVSE-03 isolation warning. unit 3 delay 20-30 min; unit 3 traction energy 1.07-1.13x normal; EVSE-03 unavailability probability 0.70-1.
Depot chat: coffee machine charger is acting up again (not a fleet asset).
Telemetry desk: My first screen disagrees with the field report; the feed may be stale.
Maintenance: Treat the operational confidence as 0.45; earlier estimates may be superseded.
Dispatcher: Request confirmation and do not replan yet.","{""event_id"":""OPS-107"",""source_type"":""driver_chat"",""event_type"":""combined"",""phase"":""warning"",""affected_buses"":[3],""affected_chargers"":[3],""effective_timestep"":9,""expected_end_timestep"":null,""uncertainty"":true,""uncertainty_details"":{""confidence_level"":0.45,""provisional"":true,""conflicting_evidence"":[""field_report_vs_initial_telemetry""],""estimates"":[{""parameter"":""delay_minutes"",""asset_id"":3,""lower_bound"":20.0,""upper_bound"":30.0,""selected_value"":null,""unit"":""minutes"",""selection_policy"":""no_update_pending_confirmation""},{""parameter"":""energy_multiplier"",""asset_id"":3,""lower_bound"":1.07,""upper_bound"":1.13,""selected_value"":null,""unit"":""multiplier"",""selection_policy"":""no_update_pending_confirmation""},{""parameter"":""charger_unavailability_probability"",""asset_id"":3,""lower_bound"":0.7,""upper_bound"":1.0,""selected_value"":null,""unit"":""probability"",""selection_policy"":""no_update_pending_confirmation""}],""recommended_action"":""request_confirmation"",""rationale"":""Conditional warning lacks confirmation; request confirmation without changing optimizer inputs.""},""material"":true,""updates"":{""delay_minutes_by_bus"":{},""energy_multiplier_by_bus"":{},""charger_power_kw"":{},""unavailable_chargers"":[]},""evidence"":[""canonical_uncertainty_policy_v1"",""trigger_uncertainty_chat_v3""]}"
OPS-107-onset-uncertain_chat,v3_bus3_charger3,OPS-107,driver_chat,uncertain_chat,development,onset,10,"[OPS-107] Driver 3: The event is now confirmed for route diversion for unit 3 and a related EVSE-03 isolation warning. unit 3 delay 20-30 min; unit 3 traction energy 1.07-1.13x normal; EVSE-03 unavailability probability 0.70-1.
Depot chat: coffee machine charger is acting up again (not a fleet asset).
Telemetry desk: My first screen disagrees with the field report; the feed may be stale.
Maintenance: Treat the operational confidence as 0.72; earlier estimates may be superseded.
Dispatcher: Confirmed material: apply the conservative bound provisionally and replan now.","{""event_id"":""OPS-107"",""source_type"":""driver_chat"",""event_type"":""combined"",""phase"":""onset"",""affected_buses"":[3],""affected_chargers"":[3],""effective_timestep"":10,""expected_end_timestep"":null,""uncertainty"":true,""uncertainty_details"":{""confidence_level"":0.72,""provisional"":true,""conflicting_evidence"":[""field_estimate_vs_fluctuating_dashboard""],""estimates"":[{""parameter"":""delay_minutes"",""asset_id"":3,""lower_bound"":20.0,""upper_bound"":30.0,""selected_value"":30.0,""unit"":""minutes"",""selection_policy"":""conservative_upper""},{""parameter"":""energy_multiplier"",""asset_id"":3,""lower_bound"":1.07,""upper_bound"":1.13,""selected_value"":1.13,""unit"":""multiplier"",""selection_policy"":""conservative_upper""},{""parameter"":""charger_unavailability_probability"",""asset_id"":3,""lower_bound"":0.7,""upper_bound"":1.0,""selected_value"":1.0,""unit"":""probability"",""selection_policy"":""confirmed_unavailable""}],""recommended_action"":""optimize"",""rationale"":""Material event is confirmed; apply the frozen conservative parameter policy provisionally.""},""material"":true,""updates"":{""delay_minutes_by_bus"":{""3"":30},""energy_multiplier_by_bus"":{""3"":1.13},""charger_power_kw"":{},""unavailable_chargers"":[3]},""evidence"":[""canonical_uncertainty_policy_v1"",""trigger_uncertainty_chat_v3""]}"
OPS-107-persistence-uncertain_chat,v3_bus3_charger3,OPS-107,driver_chat,uncertain_chat,development,persistence,11,"[OPS-107] Driver 3: The same event remains active. Field reports persist but delayed telemetry still disagrees. unit 3 delay 20-30 min; unit 3 traction energy 1.07-1.13x normal; EVSE-03 unavailability probability 0.70-1.
Depot chat: coffee machine charger is acting up again (not a fleet asset).
Telemetry desk: My first screen disagrees with the field report; the feed may be stale.
Maintenance: Treat the operational confidence as 0.60; earlier estimates may be superseded.
Dispatcher: No selected value changed; keep the current plan and wait.","{""event_id"":""OPS-107"",""source_type"":""driver_chat"",""event_type"":""combined"",""phase"":""persistence"",""affected_buses"":[3],""affected_chargers"":[3],""effective_timestep"":11,""expected_end_timestep"":null,""uncertainty"":true,""uncertainty_details"":{""confidence_level"":0.6,""provisional"":true,""conflicting_evidence"":[""driver_or_maintenance_report_vs_delayed_telemetry""],""estimates"":[{""parameter"":""delay_minutes"",""asset_id"":3,""lower_bound"":20.0,""upper_bound"":30.0,""selected_value"":30.0,""unit"":""minutes"",""selection_policy"":""conservative_upper""},{""parameter"":""energy_multiplier"",""asset_id"":3,""lower_bound"":1.07,""upper_bound"":1.13,""selected_value"":1.13,""unit"":""multiplier"",""selection_policy"":""conservative_upper""},{""parameter"":""charger_unavailability_probability"",""asset_id"":3,""lower_bound"":0.7,""upper_bound"":1.0,""selected_value"":1.0,""unit"":""probability"",""selection_policy"":""confirmed_unavailable""}],""recommended_action"":""wait"",""rationale"":""No selected operational value has changed; wait and avoid duplicate optimization.""},""material"":true,""updates"":{""delay_minutes_by_bus"":{""3"":30},""energy_multiplier_by_bus"":{""3"":1.13},""charger_power_kw"":{},""unavailable_chargers"":[3]},""evidence"":[""canonical_uncertainty_policy_v1"",""trigger_uncertainty_chat_v3""]}"
OPS-107-severity_change-uncertain_chat,v3_bus3_charger3,OPS-107,driver_chat,uncertain_chat,development,severity_change,12,"[OPS-107] Driver 3: A verified correction supersedes the previous estimate for route diversion for unit 3 and a related EVSE-03 isolation warning. unit 3 delay 30-45 min; unit 3 traction energy 1.12-1.20x normal; EVSE-03 unavailability probability 1-1.
Depot chat: coffee machine charger is acting up again (not a fleet asset).
Telemetry desk: My first screen disagrees with the field report; the feed may be stale.
Maintenance: Treat the operational confidence as 0.88; earlier estimates may be superseded.
Dispatcher: Verified correction: supersede the earlier values and replan now.","{""event_id"":""OPS-107"",""source_type"":""driver_chat"",""event_type"":""combined"",""phase"":""severity_change"",""affected_buses"":[3],""affected_chargers"":[3],""effective_timestep"":12,""expected_end_timestep"":null,""uncertainty"":false,""uncertainty_details"":{""confidence_level"":0.88,""provisional"":false,""conflicting_evidence"":[],""estimates"":[{""parameter"":""delay_minutes"",""asset_id"":3,""lower_bound"":30.0,""upper_bound"":45.0,""selected_value"":45.0,""unit"":""minutes"",""selection_policy"":""conservative_upper""},{""parameter"":""energy_multiplier"",""asset_id"":3,""lower_bound"":1.12,""upper_bound"":1.2,""selected_value"":1.2,""unit"":""multiplier"",""selection_policy"":""conservative_upper""},{""parameter"":""charger_unavailability_probability"",""asset_id"":3,""lower_bound"":1.0,""upper_bound"":1.0,""selected_value"":1.0,""unit"":""probability"",""selection_policy"":""confirmed_unavailable""}],""recommended_action"":""optimize"",""rationale"":""A verified correction supersedes earlier values and requires reoptimization.""},""material"":true,""updates"":{""delay_minutes_by_bus"":{""3"":45},""energy_multiplier_by_bus"":{""3"":1.2},""charger_power_kw"":{},""unavailable_chargers"":[3]},""evidence"":[""canonical_uncertainty_policy_v1"",""trigger_uncertainty_chat_v3""]}"
OPS-107-recovery-uncertain_chat,v3_bus3_charger3,OPS-107,driver_chat,uncertain_chat,development,recovery,14,"[OPS-107] Driver 3: The affected buses and chargers for route diversion for unit 3 and a related EVSE-03 isolation warning are confirmed back to normal.
Depot chat: coffee machine charger is acting up again (not a fleet asset).
Telemetry desk: My first screen disagrees with the field report; the feed may be stale.
Maintenance: Treat the operational confidence as 0.96; earlier estimates may be superseded.
Dispatcher: Recovery confirmed: restore nominal assumptions and replan now.","{""event_id"":""OPS-107"",""source_type"":""driver_chat"",""event_type"":""combined"",""phase"":""recovery"",""affected_buses"":[3],""affected_chargers"":[3],""effective_timestep"":14,""expected_end_timestep"":null,""uncertainty"":false,""uncertainty_details"":{""confidence_level"":0.96,""provisional"":false,""conflicting_evidence"":[],""estimates"":[{""parameter"":""delay_minutes"",""asset_id"":3,""lower_bound"":0.0,""upper_bound"":0.0,""selected_value"":0.0,""unit"":""minutes"",""selection_policy"":""restored_nominal""},{""parameter"":""energy_multiplier"",""asset_id"":3,""lower_bound"":1.0,""upper_bound"":1.0,""selected_value"":1.0,""unit"":""multiplier"",""selection_policy"":""restored_nominal""},{""parameter"":""charger_unavailability_probability"",""asset_id"":3,""lower_bound"":0.0,""upper_bound"":0.0,""selected_value"":0.0,""unit"":""probability"",""selection_policy"":""restored_nominal""}],""recommended_action"":""optimize"",""rationale"":""Confirmed recovery restores nominal optimizer assumptions.""},""material"":true,""updates"":{""delay_minutes_by_bus"":{""3"":0},""energy_multiplier_by_bus"":{""3"":1.0},""charger_power_kw"":{},""unavailable_chargers"":[]},""evidence"":[""canonical_uncertainty_policy_v1"",""trigger_uncertainty_chat_v3""]}"
OPS-107-stable-uncertain_chat,v3_bus3_charger3,OPS-107,driver_chat,uncertain_chat,development,stable,15,"[OPS-107] Driver 3: Post-recovery monitoring is normal; a message about a break-room charger is unrelated to fleet operations.
Depot chat: coffee machine charger is acting up again (not a fleet asset).
Telemetry desk: My first screen disagrees with the field report; the feed may be stale.
Maintenance: Treat the operational confidence as 1.00; earlier estimates may be superseded.
Dispatcher: No new operational restriction; no replan is needed.","{""event_id"":""OPS-107"",""source_type"":""driver_chat"",""event_type"":""informational"",""phase"":""stable"",""affected_buses"":[],""affected_chargers"":[],""effective_timestep"":15,""expected_end_timestep"":null,""uncertainty"":false,""uncertainty_details"":{""confidence_level"":1.0,""provisional"":false,""conflicting_evidence"":[],""estimates"":[],""recommended_action"":""wait"",""rationale"":""Post-recovery chatter contains no new operational restriction.""},""material"":false,""updates"":{""delay_minutes_by_bus"":{},""energy_multiplier_by_bus"":{},""charger_power_kw"":{},""unavailable_chargers"":[]},""evidence"":[""canonical_uncertainty_policy_v1"",""trigger_uncertainty_chat_v3""]}"
OPS-108-warning-clean,v3_bus8_charger8,OPS-108,combined,clean,test,warning,9,Operations notice OPS-108. A conditional warning was raised for late return for unit 8 and thermal limiting on EVSE-08. unit 8 delay 15-25 min; EVSE-08 available power 45-70 kW. Confidence 0.45. Field information and initial telemetry conflict where stated. Request confirmation and do not replan yet.,"{""event_id"":""OPS-108"",""source_type"":""combined"",""event_type"":""combined"",""phase"":""warning"",""affected_buses"":[8],""affected_chargers"":[8],""effective_timestep"":9,""expected_end_timestep"":null,""uncertainty"":true,""uncertainty_details"":{""confidence_level"":0.45,""provisional"":true,""conflicting_evidence"":[""field_report_vs_initial_telemetry""],""estimates"":[{""parameter"":""delay_minutes"",""asset_id"":8,""lower_bound"":15.0,""upper_bound"":25.0,""selected_value"":null,""unit"":""minutes"",""selection_policy"":""no_update_pending_confirmation""},{""parameter"":""charger_power_kw"",""asset_id"":8,""lower_bound"":45.0,""upper_bound"":70.0,""selected_value"":null,""unit"":""kw"",""selection_policy"":""no_update_pending_confirmation""}],""recommended_action"":""request_confirmation"",""rationale"":""Conditional warning lacks confirmation; request confirmation without changing optimizer inputs.""},""material"":true,""updates"":{""delay_minutes_by_bus"":{},""energy_multiplier_by_bus"":{},""charger_power_kw"":{},""unavailable_chargers"":[]},""evidence"":[""canonical_uncertainty_policy_v1"",""trigger_uncertainty_chat_v3""]}"
OPS-108-onset-clean,v3_bus8_charger8,OPS-108,combined,clean,test,onset,10,Operations notice OPS-108. The event is now confirmed for late return for unit 8 and thermal limiting on EVSE-08. unit 8 delay 15-25 min; EVSE-08 available power 45-70 kW. Confidence 0.72. Field information and initial telemetry conflict where stated. Confirmed material: apply the conservative bound provisionally and replan now.,"{""event_id"":""OPS-108"",""source_type"":""combined"",""event_type"":""combined"",""phase"":""onset"",""affected_buses"":[8],""affected_chargers"":[8],""effective_timestep"":10,""expected_end_timestep"":null,""uncertainty"":true,""uncertainty_details"":{""confidence_level"":0.72,""provisional"":true,""conflicting_evidence"":[""field_estimate_vs_fluctuating_dashboard""],""estimates"":[{""parameter"":""delay_minutes"",""asset_id"":8,""lower_bound"":15.0,""upper_bound"":25.0,""selected_value"":25.0,""unit"":""minutes"",""selection_policy"":""conservative_upper""},{""parameter"":""charger_power_kw"",""asset_id"":8,""lower_bound"":45.0,""upper_bound"":70.0,""selected_value"":45.0,""unit"":""kw"",""selection_policy"":""conservative_lower""}],""recommended_action"":""optimize"",""rationale"":""Material event is confirmed; apply the frozen conservative parameter policy provisionally.""},""material"":true,""updates"":{""delay_minutes_by_bus"":{""8"":25},""energy_multiplier_by_bus"":{},""charger_power_kw"":{""8"":45.0},""unavailable_chargers"":[]},""evidence"":[""canonical_uncertainty_policy_v1"",""trigger_uncertainty_chat_v3""]}"
OPS-108-persistence-clean,v3_bus8_charger8,OPS-108,combined,clean,test,persistence,11,Operations notice OPS-108. The same event remains active. Field reports persist but delayed telemetry still disagrees. unit 8 delay 15-25 min; EVSE-08 available power 45-70 kW. Confidence 0.60. Field information and initial telemetry conflict where stated. No selected value changed; keep the current plan and wait.,"{""event_id"":""OPS-108"",""source_type"":""combined"",""event_type"":""combined"",""phase"":""persistence"",""affected_buses"":[8],""affected_chargers"":[8],""effective_timestep"":11,""expected_end_timestep"":null,""uncertainty"":true,""uncertainty_details"":{""confidence_level"":0.6,""provisional"":true,""conflicting_evidence"":[""driver_or_maintenance_report_vs_delayed_telemetry""],""estimates"":[{""parameter"":""delay_minutes"",""asset_id"":8,""lower_bound"":15.0,""upper_bound"":25.0,""selected_value"":25.0,""unit"":""minutes"",""selection_policy"":""conservative_upper""},{""parameter"":""charger_power_kw"",""asset_id"":8,""lower_bound"":45.0,""upper_bound"":70.0,""selected_value"":45.0,""unit"":""kw"",""selection_policy"":""conservative_lower""}],""recommended_action"":""wait"",""rationale"":""No selected operational value has changed; wait and avoid duplicate optimization.""},""material"":true,""updates"":{""delay_minutes_by_bus"":{""8"":25},""energy_multiplier_by_bus"":{},""charger_power_kw"":{""8"":45.0},""unavailable_chargers"":[]},""evidence"":[""canonical_uncertainty_policy_v1"",""trigger_uncertainty_chat_v3""]}"
OPS-108-severity_change-clean,v3_bus8_charger8,OPS-108,combined,clean,test,severity_change,12,Operations notice OPS-108. A verified correction supersedes the previous estimate for late return for unit 8 and thermal limiting on EVSE-08. unit 8 delay 25-35 min; EVSE-08 available power 20-40 kW. Confidence 0.88. Field information and initial telemetry conflict where stated. Verified correction: supersede the earlier values and replan now.,"{""event_id"":""OPS-108"",""source_type"":""combined"",""event_type"":""combined"",""phase"":""severity_change"",""affected_buses"":[8],""affected_chargers"":[8],""effective_timestep"":12,""expected_end_timestep"":null,""uncertainty"":false,""uncertainty_details"":{""confidence_level"":0.88,""provisional"":false,""conflicting_evidence"":[],""estimates"":[{""parameter"":""delay_minutes"",""asset_id"":8,""lower_bound"":25.0,""upper_bound"":35.0,""selected_value"":35.0,""unit"":""minutes"",""selection_policy"":""conservative_upper""},{""parameter"":""charger_power_kw"",""asset_id"":8,""lower_bound"":20.0,""upper_bound"":40.0,""selected_value"":20.0,""unit"":""kw"",""selection_policy"":""conservative_lower""}],""recommended_action"":""optimize"",""rationale"":""A verified correction supersedes earlier values and requires reoptimization.""},""material"":true,""updates"":{""delay_minutes_by_bus"":{""8"":35},""energy_multiplier_by_bus"":{},""charger_power_kw"":{""8"":20.0},""unavailable_chargers"":[]},""evidence"":[""canonical_uncertainty_policy_v1"",""trigger_uncertainty_chat_v3""]}"
OPS-108-recovery-clean,v3_bus8_charger8,OPS-108,combined,clean,test,recovery,14,Operations notice OPS-108. The affected buses and chargers for late return for unit 8 and thermal limiting on EVSE-08 are confirmed back to normal. Confidence 0.96. Field information and initial telemetry conflict where stated. Recovery confirmed: restore nominal assumptions and replan now.,"{""event_id"":""OPS-108"",""source_type"":""combined"",""event_type"":""combined"",""phase"":""recovery"",""affected_buses"":[8],""affected_chargers"":[8],""effective_timestep"":14,""expected_end_timestep"":null,""uncertainty"":false,""uncertainty_details"":{""confidence_level"":0.96,""provisional"":false,""conflicting_evidence"":[],""estimates"":[{""parameter"":""delay_minutes"",""asset_id"":8,""lower_bound"":0.0,""upper_bound"":0.0,""selected_value"":0.0,""unit"":""minutes"",""selection_policy"":""restored_nominal""},{""parameter"":""charger_power_kw"",""asset_id"":8,""lower_bound"":200.0,""upper_bound"":200.0,""selected_value"":200.0,""unit"":""kw"",""selection_policy"":""restored_nominal""}],""recommended_action"":""optimize"",""rationale"":""Confirmed recovery restores nominal optimizer assumptions.""},""material"":true,""updates"":{""delay_minutes_by_bus"":{""8"":0},""energy_multiplier_by_bus"":{},""charger_power_kw"":{""8"":200.0},""unavailable_chargers"":[]},""evidence"":[""canonical_uncertainty_policy_v1"",""trigger_uncertainty_chat_v3""]}"
OPS-108-stable-clean,v3_bus8_charger8,OPS-108,combined,clean,test,stable,15,Operations notice OPS-108. Post-recovery monitoring is normal; a message about a break-room charger is unrelated to fleet operations. Confidence 1.00. Field information and initial telemetry conflict where stated. No new operational restriction; no replan is needed.,"{""event_id"":""OPS-108"",""source_type"":""combined"",""event_type"":""informational"",""phase"":""stable"",""affected_buses"":[],""affected_chargers"":[],""effective_timestep"":15,""expected_end_timestep"":null,""uncertainty"":false,""uncertainty_details"":{""confidence_level"":1.0,""provisional"":false,""conflicting_evidence"":[],""estimates"":[],""recommended_action"":""wait"",""rationale"":""Post-recovery chatter contains no new operational restriction.""},""material"":false,""updates"":{""delay_minutes_by_bus"":{},""energy_multiplier_by_bus"":{},""charger_power_kw"":{},""unavailable_chargers"":[]},""evidence"":[""canonical_uncertainty_policy_v1"",""trigger_uncertainty_chat_v3""]}"
OPS-108-warning-single_message,v3_bus8_charger8,OPS-108,driver_chat,single_message,test,warning,9,Driver 8 re OPS-108: A conditional warning was raised for late return for unit 8 and thermal limiting on EVSE-08. unit 8 delay 15-25 min; EVSE-08 available power 45-70 kW. dashboard is a bit flaky; conf 0.45. Request confirmation and do not replan yet.,"{""event_id"":""OPS-108"",""source_type"":""driver_chat"",""event_type"":""combined"",""phase"":""warning"",""affected_buses"":[8],""affected_chargers"":[8],""effective_timestep"":9,""expected_end_timestep"":null,""uncertainty"":true,""uncertainty_details"":{""confidence_level"":0.45,""provisional"":true,""conflicting_evidence"":[""field_report_vs_initial_telemetry""],""estimates"":[{""parameter"":""delay_minutes"",""asset_id"":8,""lower_bound"":15.0,""upper_bound"":25.0,""selected_value"":null,""unit"":""minutes"",""selection_policy"":""no_update_pending_confirmation""},{""parameter"":""charger_power_kw"",""asset_id"":8,""lower_bound"":45.0,""upper_bound"":70.0,""selected_value"":null,""unit"":""kw"",""selection_policy"":""no_update_pending_confirmation""}],""recommended_action"":""request_confirmation"",""rationale"":""Conditional warning lacks confirmation; request confirmation without changing optimizer inputs.""},""material"":true,""updates"":{""delay_minutes_by_bus"":{},""energy_multiplier_by_bus"":{},""charger_power_kw"":{},""unavailable_chargers"":[]},""evidence"":[""canonical_uncertainty_policy_v1"",""trigger_uncertainty_chat_v3""]}"
OPS-108-onset-single_message,v3_bus8_charger8,OPS-108,driver_chat,single_message,test,onset,10,Driver 8 re OPS-108: The event is now confirmed for late return for unit 8 and thermal limiting on EVSE-08. unit 8 delay 15-25 min; EVSE-08 available power 45-70 kW. dashboard is a bit flaky; conf 0.72. Confirmed material: apply the conservative bound provisionally and replan now.,"{""event_id"":""OPS-108"",""source_type"":""driver_chat"",""event_type"":""combined"",""phase"":""onset"",""affected_buses"":[8],""affected_chargers"":[8],""effective_timestep"":10,""expected_end_timestep"":null,""uncertainty"":true,""uncertainty_details"":{""confidence_level"":0.72,""provisional"":true,""conflicting_evidence"":[""field_estimate_vs_fluctuating_dashboard""],""estimates"":[{""parameter"":""delay_minutes"",""asset_id"":8,""lower_bound"":15.0,""upper_bound"":25.0,""selected_value"":25.0,""unit"":""minutes"",""selection_policy"":""conservative_upper""},{""parameter"":""charger_power_kw"",""asset_id"":8,""lower_bound"":45.0,""upper_bound"":70.0,""selected_value"":45.0,""unit"":""kw"",""selection_policy"":""conservative_lower""}],""recommended_action"":""optimize"",""rationale"":""Material event is confirmed; apply the frozen conservative parameter policy provisionally.""},""material"":true,""updates"":{""delay_minutes_by_bus"":{""8"":25},""energy_multiplier_by_bus"":{},""charger_power_kw"":{""8"":45.0},""unavailable_chargers"":[]},""evidence"":[""canonical_uncertainty_policy_v1"",""trigger_uncertainty_chat_v3""]}"
OPS-108-persistence-single_message,v3_bus8_charger8,OPS-108,driver_chat,single_message,test,persistence,11,Driver 8 re OPS-108: The same event remains active. Field reports persist but delayed telemetry still disagrees. unit 8 delay 15-25 min; EVSE-08 available power 45-70 kW. dashboard is a bit flaky; conf 0.60. No selected value changed; keep the current plan and wait.,"{""event_id"":""OPS-108"",""source_type"":""driver_chat"",""event_type"":""combined"",""phase"":""persistence"",""affected_buses"":[8],""affected_chargers"":[8],""effective_timestep"":11,""expected_end_timestep"":null,""uncertainty"":true,""uncertainty_details"":{""confidence_level"":0.6,""provisional"":true,""conflicting_evidence"":[""driver_or_maintenance_report_vs_delayed_telemetry""],""estimates"":[{""parameter"":""delay_minutes"",""asset_id"":8,""lower_bound"":15.0,""upper_bound"":25.0,""selected_value"":25.0,""unit"":""minutes"",""selection_policy"":""conservative_upper""},{""parameter"":""charger_power_kw"",""asset_id"":8,""lower_bound"":45.0,""upper_bound"":70.0,""selected_value"":45.0,""unit"":""kw"",""selection_policy"":""conservative_lower""}],""recommended_action"":""wait"",""rationale"":""No selected operational value has changed; wait and avoid duplicate optimization.""},""material"":true,""updates"":{""delay_minutes_by_bus"":{""8"":25},""energy_multiplier_by_bus"":{},""charger_power_kw"":{""8"":45.0},""unavailable_chargers"":[]},""evidence"":[""canonical_uncertainty_policy_v1"",""trigger_uncertainty_chat_v3""]}"
OPS-108-severity_change-single_message,v3_bus8_charger8,OPS-108,driver_chat,single_message,test,severity_change,12,Driver 8 re OPS-108: A verified correction supersedes the previous estimate for late return for unit 8 and thermal limiting on EVSE-08. unit 8 delay 25-35 min; EVSE-08 available power 20-40 kW. dashboard is a bit flaky; conf 0.88. Verified correction: supersede the earlier values and replan now.,"{""event_id"":""OPS-108"",""source_type"":""driver_chat"",""event_type"":""combined"",""phase"":""severity_change"",""affected_buses"":[8],""affected_chargers"":[8],""effective_timestep"":12,""expected_end_timestep"":null,""uncertainty"":false,""uncertainty_details"":{""confidence_level"":0.88,""provisional"":false,""conflicting_evidence"":[],""estimates"":[{""parameter"":""delay_minutes"",""asset_id"":8,""lower_bound"":25.0,""upper_bound"":35.0,""selected_value"":35.0,""unit"":""minutes"",""selection_policy"":""conservative_upper""},{""parameter"":""charger_power_kw"",""asset_id"":8,""lower_bound"":20.0,""upper_bound"":40.0,""selected_value"":20.0,""unit"":""kw"",""selection_policy"":""conservative_lower""}],""recommended_action"":""optimize"",""rationale"":""A verified correction supersedes earlier values and requires reoptimization.""},""material"":true,""updates"":{""delay_minutes_by_bus"":{""8"":35},""energy_multiplier_by_bus"":{},""charger_power_kw"":{""8"":20.0},""unavailable_chargers"":[]},""evidence"":[""canonical_uncertainty_policy_v1"",""trigger_uncertainty_chat_v3""]}"
OPS-108-recovery-single_message,v3_bus8_charger8,OPS-108,driver_chat,single_message,test,recovery,14,Driver 8 re OPS-108: The affected buses and chargers for late return for unit 8 and thermal limiting on EVSE-08 are confirmed back to normal. dashboard is a bit flaky; conf 0.96. Recovery confirmed: restore nominal assumptions and replan now.,"{""event_id"":""OPS-108"",""source_type"":""driver_chat"",""event_type"":""combined"",""phase"":""recovery"",""affected_buses"":[8],""affected_chargers"":[8],""effective_timestep"":14,""expected_end_timestep"":null,""uncertainty"":false,""uncertainty_details"":{""confidence_level"":0.96,""provisional"":false,""conflicting_evidence"":[],""estimates"":[{""parameter"":""delay_minutes"",""asset_id"":8,""lower_bound"":0.0,""upper_bound"":0.0,""selected_value"":0.0,""unit"":""minutes"",""selection_policy"":""restored_nominal""},{""parameter"":""charger_power_kw"",""asset_id"":8,""lower_bound"":200.0,""upper_bound"":200.0,""selected_value"":200.0,""unit"":""kw"",""selection_policy"":""restored_nominal""}],""recommended_action"":""optimize"",""rationale"":""Confirmed recovery restores nominal optimizer assumptions.""},""material"":true,""updates"":{""delay_minutes_by_bus"":{""8"":0},""energy_multiplier_by_bus"":{},""charger_power_kw"":{""8"":200.0},""unavailable_chargers"":[]},""evidence"":[""canonical_uncertainty_policy_v1"",""trigger_uncertainty_chat_v3""]}"
OPS-108-stable-single_message,v3_bus8_charger8,OPS-108,driver_chat,single_message,test,stable,15,Driver 8 re OPS-108: Post-recovery monitoring is normal; a message about a break-room charger is unrelated to fleet operations. dashboard is a bit flaky; conf 1.00. No new operational restriction; no replan is needed.,"{""event_id"":""OPS-108"",""source_type"":""driver_chat"",""event_type"":""informational"",""phase"":""stable"",""affected_buses"":[],""affected_chargers"":[],""effective_timestep"":15,""expected_end_timestep"":null,""uncertainty"":false,""uncertainty_details"":{""confidence_level"":1.0,""provisional"":false,""conflicting_evidence"":[],""estimates"":[],""recommended_action"":""wait"",""rationale"":""Post-recovery chatter contains no new operational restriction.""},""material"":false,""updates"":{""delay_minutes_by_bus"":{},""energy_multiplier_by_bus"":{},""charger_power_kw"":{},""unavailable_chargers"":[]},""evidence"":[""canonical_uncertainty_policy_v1"",""trigger_uncertainty_chat_v3""]}"
OPS-108-warning-driver_chat,v3_bus8_charger8,OPS-108,driver_chat,driver_chat,test,warning,9,"[OPS-108] Driver 8: Heads-up only—if the late return for unit 8 and thermal limiting on EVSE-08 is real, unit 8 is somewhere between fifteen and twenty-five minutes late; that connector can deliver only forty-five to seventy kilowatts.
Telemetry desk: First screen is lagging and I cannot corroborate that yet.
Dispatcher: Confidence is about 45 percent. Could someone verify before we touch the schedule?","{""event_id"":""OPS-108"",""source_type"":""driver_chat"",""event_type"":""combined"",""phase"":""warning"",""affected_buses"":[8],""affected_chargers"":[8],""effective_timestep"":9,""expected_end_timestep"":null,""uncertainty"":true,""uncertainty_details"":{""confidence_level"":0.45,""provisional"":true,""conflicting_evidence"":[""field_report_vs_initial_telemetry""],""estimates"":[{""parameter"":""delay_minutes"",""asset_id"":8,""lower_bound"":15.0,""upper_bound"":25.0,""selected_value"":null,""unit"":""minutes"",""selection_policy"":""no_update_pending_confirmation""},{""parameter"":""charger_power_kw"",""asset_id"":8,""lower_bound"":45.0,""upper_bound"":70.0,""selected_value"":null,""unit"":""kw"",""selection_policy"":""no_update_pending_confirmation""}],""recommended_action"":""request_confirmation"",""rationale"":""Conditional warning lacks confirmation; request confirmation without changing optimizer inputs.""},""material"":true,""updates"":{""delay_minutes_by_bus"":{},""energy_multiplier_by_bus"":{},""charger_power_kw"":{},""unavailable_chargers"":[]},""evidence"":[""canonical_uncertainty_policy_v1"",""trigger_uncertainty_chat_v3""]}"
OPS-108-onset-driver_chat,v3_bus8_charger8,OPS-108,driver_chat,driver_chat,test,onset,10,"[OPS-108] Driver 8: Field check backs it up: unit 8 is somewhere between fifteen and twenty-five minutes late; that connector can deliver only forty-five to seventy kilowatts.
Telemetry desk: My feed is still bouncing, so the field range and screen do not agree exactly.
Dispatcher: Use the cautious end of those figures for now; confidence 72 percent. Treat it as live.","{""event_id"":""OPS-108"",""source_type"":""driver_chat"",""event_type"":""combined"",""phase"":""onset"",""affected_buses"":[8],""affected_chargers"":[8],""effective_timestep"":10,""expected_end_timestep"":null,""uncertainty"":true,""uncertainty_details"":{""confidence_level"":0.72,""provisional"":true,""conflicting_evidence"":[""field_estimate_vs_fluctuating_dashboard""],""estimates"":[{""parameter"":""delay_minutes"",""asset_id"":8,""lower_bound"":15.0,""upper_bound"":25.0,""selected_value"":25.0,""unit"":""minutes"",""selection_policy"":""conservative_upper""},{""parameter"":""charger_power_kw"",""asset_id"":8,""lower_bound"":45.0,""upper_bound"":70.0,""selected_value"":45.0,""unit"":""kw"",""selection_policy"":""conservative_lower""}],""recommended_action"":""optimize"",""rationale"":""Material event is confirmed; apply the frozen conservative parameter policy provisionally.""},""material"":true,""updates"":{""delay_minutes_by_bus"":{""8"":25},""energy_multiplier_by_bus"":{},""charger_power_kw"":{""8"":45.0},""unavailable_chargers"":[]},""evidence"":[""canonical_uncertainty_policy_v1"",""trigger_uncertainty_chat_v3""]}"
OPS-108-persistence-driver_chat,v3_bus8_charger8,OPS-108,driver_chat,driver_chat,test,persistence,11,"[OPS-108] Driver 8: Same issue as the last exchange; unit 8 is somewhere between fifteen and twenty-five minutes late; that connector can deliver only forty-five to seventy kilowatts.
Telemetry desk: The delayed screen still shows something lower.
Dispatcher: Confidence remains 60 percent. Leave what we already loaded alone for now.","{""event_id"":""OPS-108"",""source_type"":""driver_chat"",""event_type"":""combined"",""phase"":""persistence"",""affected_buses"":[8],""affected_chargers"":[8],""effective_timestep"":11,""expected_end_timestep"":null,""uncertainty"":true,""uncertainty_details"":{""confidence_level"":0.6,""provisional"":true,""conflicting_evidence"":[""driver_or_maintenance_report_vs_delayed_telemetry""],""estimates"":[{""parameter"":""delay_minutes"",""asset_id"":8,""lower_bound"":15.0,""upper_bound"":25.0,""selected_value"":25.0,""unit"":""minutes"",""selection_policy"":""conservative_upper""},{""parameter"":""charger_power_kw"",""asset_id"":8,""lower_bound"":45.0,""upper_bound"":70.0,""selected_value"":45.0,""unit"":""kw"",""selection_policy"":""conservative_lower""}],""recommended_action"":""wait"",""rationale"":""No selected operational value has changed; wait and avoid duplicate optimization.""},""material"":true,""updates"":{""delay_minutes_by_bus"":{""8"":25},""energy_multiplier_by_bus"":{},""charger_power_kw"":{""8"":45.0},""unavailable_chargers"":[]},""evidence"":[""canonical_uncertainty_policy_v1"",""trigger_uncertainty_chat_v3""]}"
OPS-108-severity_change-driver_chat,v3_bus8_charger8,OPS-108,driver_chat,driver_chat,test,severity_change,12,"[OPS-108] Telemetry desk: The old board still repeats: unit 8 is somewhere between fifteen and twenty-five minutes late; that connector can deliver only forty-five to seventy kilowatts.
Driver 8: Fresh field check says unit 8 is somewhere between twenty-five and thirty-five minutes late; that connector can deliver only twenty to forty kilowatts.
Dispatcher: Scratch the previous figures; the fresh field range is authoritative at 88 percent confidence. Publish the replacement.","{""event_id"":""OPS-108"",""source_type"":""driver_chat"",""event_type"":""combined"",""phase"":""severity_change"",""affected_buses"":[8],""affected_chargers"":[8],""effective_timestep"":12,""expected_end_timestep"":null,""uncertainty"":false,""uncertainty_details"":{""confidence_level"":0.88,""provisional"":false,""conflicting_evidence"":[],""estimates"":[{""parameter"":""delay_minutes"",""asset_id"":8,""lower_bound"":25.0,""upper_bound"":35.0,""selected_value"":35.0,""unit"":""minutes"",""selection_policy"":""conservative_upper""},{""parameter"":""charger_power_kw"",""asset_id"":8,""lower_bound"":20.0,""upper_bound"":40.0,""selected_value"":20.0,""unit"":""kw"",""selection_policy"":""conservative_lower""}],""recommended_action"":""optimize"",""rationale"":""A verified correction supersedes earlier values and requires reoptimization.""},""material"":true,""updates"":{""delay_minutes_by_bus"":{""8"":35},""energy_multiplier_by_bus"":{},""charger_power_kw"":{""8"":20.0},""unavailable_chargers"":[]},""evidence"":[""canonical_uncertainty_policy_v1"",""trigger_uncertainty_chat_v3""]}"
OPS-108-recovery-driver_chat,v3_bus8_charger8,OPS-108,driver_chat,driver_chat,test,recovery,14,"[OPS-108] Driver 8: Field gives the all-clear on the same equipment and route.
Telemetry desk: Normal readings are now corroborated.
Dispatcher: Confidence 96 percent. Put the original planning values back into service.","{""event_id"":""OPS-108"",""source_type"":""driver_chat"",""event_type"":""combined"",""phase"":""recovery"",""affected_buses"":[8],""affected_chargers"":[8],""effective_timestep"":14,""expected_end_timestep"":null,""uncertainty"":false,""uncertainty_details"":{""confidence_level"":0.96,""provisional"":false,""conflicting_evidence"":[],""estimates"":[{""parameter"":""delay_minutes"",""asset_id"":8,""lower_bound"":0.0,""upper_bound"":0.0,""selected_value"":0.0,""unit"":""minutes"",""selection_policy"":""restored_nominal""},{""parameter"":""charger_power_kw"",""asset_id"":8,""lower_bound"":200.0,""upper_bound"":200.0,""selected_value"":200.0,""unit"":""kw"",""selection_policy"":""restored_nominal""}],""recommended_action"":""optimize"",""rationale"":""Confirmed recovery restores nominal optimizer assumptions.""},""material"":true,""updates"":{""delay_minutes_by_bus"":{""8"":0},""energy_multiplier_by_bus"":{},""charger_power_kw"":{""8"":200.0},""unavailable_chargers"":[]},""evidence"":[""canonical_uncertainty_policy_v1"",""trigger_uncertainty_chat_v3""]}"
OPS-108-stable-driver_chat,v3_bus8_charger8,OPS-108,driver_chat,driver_chat,test,stable,15,"[OPS-108] Depot chat: FYI after close-out, everything operational is quiet.
Driver lounge: The phone charger by the coffee machine is still broken.
Dispatcher: That is not a fleet asset and there is nothing for fleet dispatch to change.","{""event_id"":""OPS-108"",""source_type"":""driver_chat"",""event_type"":""informational"",""phase"":""stable"",""affected_buses"":[],""affected_chargers"":[],""effective_timestep"":15,""expected_end_timestep"":null,""uncertainty"":false,""uncertainty_details"":{""confidence_level"":1.0,""provisional"":false,""conflicting_evidence"":[],""estimates"":[],""recommended_action"":""wait"",""rationale"":""Post-recovery chatter contains no new operational restriction.""},""material"":false,""updates"":{""delay_minutes_by_bus"":{},""energy_multiplier_by_bus"":{},""charger_power_kw"":{},""unavailable_chargers"":[]},""evidence"":[""canonical_uncertainty_policy_v1"",""trigger_uncertainty_chat_v3""]}"
OPS-108-warning-uncertain_chat,v3_bus8_charger8,OPS-108,driver_chat,uncertain_chat,test,warning,9,"[OPS-108] Driver 8: Heads-up only—if the late return for unit 8 and thermal limiting on EVSE-08 is real, unit 8 is somewhere between fifteen and twenty-five minutes late; that connector can deliver only forty-five to seventy kilowatts.
Driver lounge: Anyone swapping the afternoon break? This is unrelated to the incident.
Telemetry desk: First screen is lagging and I cannot corroborate that yet.
Maintenance: One stale dashboard panel may contradict the field thread; follow the latest authorized dispatch line.
Dispatcher: Confidence is about 45 percent. Could someone verify before we touch the schedule?","{""event_id"":""OPS-108"",""source_type"":""driver_chat"",""event_type"":""combined"",""phase"":""warning"",""affected_buses"":[8],""affected_chargers"":[8],""effective_timestep"":9,""expected_end_timestep"":null,""uncertainty"":true,""uncertainty_details"":{""confidence_level"":0.45,""provisional"":true,""conflicting_evidence"":[""field_report_vs_initial_telemetry""],""estimates"":[{""parameter"":""delay_minutes"",""asset_id"":8,""lower_bound"":15.0,""upper_bound"":25.0,""selected_value"":null,""unit"":""minutes"",""selection_policy"":""no_update_pending_confirmation""},{""parameter"":""charger_power_kw"",""asset_id"":8,""lower_bound"":45.0,""upper_bound"":70.0,""selected_value"":null,""unit"":""kw"",""selection_policy"":""no_update_pending_confirmation""}],""recommended_action"":""request_confirmation"",""rationale"":""Conditional warning lacks confirmation; request confirmation without changing optimizer inputs.""},""material"":true,""updates"":{""delay_minutes_by_bus"":{},""energy_multiplier_by_bus"":{},""charger_power_kw"":{},""unavailable_chargers"":[]},""evidence"":[""canonical_uncertainty_policy_v1"",""trigger_uncertainty_chat_v3""]}"
OPS-108-onset-uncertain_chat,v3_bus8_charger8,OPS-108,driver_chat,uncertain_chat,test,onset,10,"[OPS-108] Driver 8: Field check backs it up: unit 8 is somewhere between fifteen and twenty-five minutes late; that connector can deliver only forty-five to seventy kilowatts.
Driver lounge: Anyone swapping the afternoon break? This is unrelated to the incident.
Telemetry desk: My feed is still bouncing, so the field range and screen do not agree exactly.
Maintenance: One stale dashboard panel may contradict the field thread; follow the latest authorized dispatch line.
Dispatcher: Use the cautious end of those figures for now; confidence 72 percent. Treat it as live.","{""event_id"":""OPS-108"",""source_type"":""driver_chat"",""event_type"":""combined"",""phase"":""onset"",""affected_buses"":[8],""affected_chargers"":[8],""effective_timestep"":10,""expected_end_timestep"":null,""uncertainty"":true,""uncertainty_details"":{""confidence_level"":0.72,""provisional"":true,""conflicting_evidence"":[""field_estimate_vs_fluctuating_dashboard""],""estimates"":[{""parameter"":""delay_minutes"",""asset_id"":8,""lower_bound"":15.0,""upper_bound"":25.0,""selected_value"":25.0,""unit"":""minutes"",""selection_policy"":""conservative_upper""},{""parameter"":""charger_power_kw"",""asset_id"":8,""lower_bound"":45.0,""upper_bound"":70.0,""selected_value"":45.0,""unit"":""kw"",""selection_policy"":""conservative_lower""}],""recommended_action"":""optimize"",""rationale"":""Material event is confirmed; apply the frozen conservative parameter policy provisionally.""},""material"":true,""updates"":{""delay_minutes_by_bus"":{""8"":25},""energy_multiplier_by_bus"":{},""charger_power_kw"":{""8"":45.0},""unavailable_chargers"":[]},""evidence"":[""canonical_uncertainty_policy_v1"",""trigger_uncertainty_chat_v3""]}"
OPS-108-persistence-uncertain_chat,v3_bus8_charger8,OPS-108,driver_chat,uncertain_chat,test,persistence,11,"[OPS-108] Driver 8: Same issue as the last exchange; unit 8 is somewhere between fifteen and twenty-five minutes late; that connector can deliver only forty-five to seventy kilowatts.
Driver lounge: Anyone swapping the afternoon break? This is unrelated to the incident.
Telemetry desk: The delayed screen still shows something lower.
Maintenance: One stale dashboard panel may contradict the field thread; follow the latest authorized dispatch line.
Dispatcher: Confidence remains 60 percent. Leave what we already loaded alone for now.","{""event_id"":""OPS-108"",""source_type"":""driver_chat"",""event_type"":""combined"",""phase"":""persistence"",""affected_buses"":[8],""affected_chargers"":[8],""effective_timestep"":11,""expected_end_timestep"":null,""uncertainty"":true,""uncertainty_details"":{""confidence_level"":0.6,""provisional"":true,""conflicting_evidence"":[""driver_or_maintenance_report_vs_delayed_telemetry""],""estimates"":[{""parameter"":""delay_minutes"",""asset_id"":8,""lower_bound"":15.0,""upper_bound"":25.0,""selected_value"":25.0,""unit"":""minutes"",""selection_policy"":""conservative_upper""},{""parameter"":""charger_power_kw"",""asset_id"":8,""lower_bound"":45.0,""upper_bound"":70.0,""selected_value"":45.0,""unit"":""kw"",""selection_policy"":""conservative_lower""}],""recommended_action"":""wait"",""rationale"":""No selected operational value has changed; wait and avoid duplicate optimization.""},""material"":true,""updates"":{""delay_minutes_by_bus"":{""8"":25},""energy_multiplier_by_bus"":{},""charger_power_kw"":{""8"":45.0},""unavailable_chargers"":[]},""evidence"":[""canonical_uncertainty_policy_v1"",""trigger_uncertainty_chat_v3""]}"
OPS-108-severity_change-uncertain_chat,v3_bus8_charger8,OPS-108,driver_chat,uncertain_chat,test,severity_change,12,"[OPS-108] Telemetry desk: The old board still repeats: unit 8 is somewhere between fifteen and twenty-five minutes late; that connector can deliver only forty-five to seventy kilowatts.
Driver lounge: Anyone swapping the afternoon break? This is unrelated to the incident.
Driver 8: Fresh field check says unit 8 is somewhere between twenty-five and thirty-five minutes late; that connector can deliver only twenty to forty kilowatts.
Maintenance: One stale dashboard panel may contradict the field thread; follow the latest authorized dispatch line.
Dispatcher: Scratch the previous figures; the fresh field range is authoritative at 88 percent confidence. Publish the replacement.","{""event_id"":""OPS-108"",""source_type"":""driver_chat"",""event_type"":""combined"",""phase"":""severity_change"",""affected_buses"":[8],""affected_chargers"":[8],""effective_timestep"":12,""expected_end_timestep"":null,""uncertainty"":false,""uncertainty_details"":{""confidence_level"":0.88,""provisional"":false,""conflicting_evidence"":[],""estimates"":[{""parameter"":""delay_minutes"",""asset_id"":8,""lower_bound"":25.0,""upper_bound"":35.0,""selected_value"":35.0,""unit"":""minutes"",""selection_policy"":""conservative_upper""},{""parameter"":""charger_power_kw"",""asset_id"":8,""lower_bound"":20.0,""upper_bound"":40.0,""selected_value"":20.0,""unit"":""kw"",""selection_policy"":""conservative_lower""}],""recommended_action"":""optimize"",""rationale"":""A verified correction supersedes earlier values and requires reoptimization.""},""material"":true,""updates"":{""delay_minutes_by_bus"":{""8"":35},""energy_multiplier_by_bus"":{},""charger_power_kw"":{""8"":20.0},""unavailable_chargers"":[]},""evidence"":[""canonical_uncertainty_policy_v1"",""trigger_uncertainty_chat_v3""]}"
OPS-108-recovery-uncertain_chat,v3_bus8_charger8,OPS-108,driver_chat,uncertain_chat,test,recovery,14,"[OPS-108] Driver 8: Field gives the all-clear on the same equipment and route.
Driver lounge: Anyone swapping the afternoon break? This is unrelated to the incident.
Telemetry desk: Normal readings are now corroborated.
Maintenance: One stale dashboard panel may contradict the field thread; follow the latest authorized dispatch line.
Dispatcher: Confidence 96 percent. Put the original planning values back into service.","{""event_id"":""OPS-108"",""source_type"":""driver_chat"",""event_type"":""combined"",""phase"":""recovery"",""affected_buses"":[8],""affected_chargers"":[8],""effective_timestep"":14,""expected_end_timestep"":null,""uncertainty"":false,""uncertainty_details"":{""confidence_level"":0.96,""provisional"":false,""conflicting_evidence"":[],""estimates"":[{""parameter"":""delay_minutes"",""asset_id"":8,""lower_bound"":0.0,""upper_bound"":0.0,""selected_value"":0.0,""unit"":""minutes"",""selection_policy"":""restored_nominal""},{""parameter"":""charger_power_kw"",""asset_id"":8,""lower_bound"":200.0,""upper_bound"":200.0,""selected_value"":200.0,""unit"":""kw"",""selection_policy"":""restored_nominal""}],""recommended_action"":""optimize"",""rationale"":""Confirmed recovery restores nominal optimizer assumptions.""},""material"":true,""updates"":{""delay_minutes_by_bus"":{""8"":0},""energy_multiplier_by_bus"":{},""charger_power_kw"":{""8"":200.0},""unavailable_chargers"":[]},""evidence"":[""canonical_uncertainty_policy_v1"",""trigger_uncertainty_chat_v3""]}"
OPS-108-stable-uncertain_chat,v3_bus8_charger8,OPS-108,driver_chat,uncertain_chat,test,stable,15,"[OPS-108] Depot chat: FYI after close-out, everything operational is quiet.
Driver lounge: Anyone swapping the afternoon break? This is unrelated to the incident.
Driver lounge: The phone charger by the coffee machine is still broken.
Maintenance: One stale dashboard panel may contradict the field thread; follow the latest authorized dispatch line.
Dispatcher: That is not a fleet asset and there is nothing for fleet dispatch to change.","{""event_id"":""OPS-108"",""source_type"":""driver_chat"",""event_type"":""informational"",""phase"":""stable"",""affected_buses"":[],""affected_chargers"":[],""effective_timestep"":15,""expected_end_timestep"":null,""uncertainty"":false,""uncertainty_details"":{""confidence_level"":1.0,""provisional"":false,""conflicting_evidence"":[],""estimates"":[],""recommended_action"":""wait"",""rationale"":""Post-recovery chatter contains no new operational restriction.""},""material"":false,""updates"":{""delay_minutes_by_bus"":{},""energy_multiplier_by_bus"":{},""charger_power_kw"":{},""unavailable_chargers"":[]},""evidence"":[""canonical_uncertainty_policy_v1"",""trigger_uncertainty_chat_v3""]}"
